category,headline
ENTERTAINMENT,Why I'm Still #TeamLogan Even After The 'Gilmore Girls' Revival
ENTERTAINMENT,'The Shining' Prequel: Stanley Kubrick's Stephen King Adaptation May Get Origin Story
ENTERTAINMENT,Victoria Justice: 'There's No Feuding Going On Right Now' Between Me And Ariana Grande
ENTERTAINMENT,Tom Cruise Shares Frightening Slow Motion Video Of Ankle-Breaking Stunt
ENTERTAINMENT,Feast Your Eyes On This Beautiful 'Office' Reunion
ENTERTAINMENT,Inside Michelle Knight's Private Struggle Two Years After Escaping Ariel Castro's House Of Horrors
ENTERTAINMENT,Super Bowl Singer Pink Ecstatic Her Eagles Are Playing In Game
ENTERTAINMENT,Amy Winehouse's Family Slams 'Amy' Documentary
ENTERTAINMENT,Kris Jenner Asks For Prayers For Lamar Odom As He Remains Hospitalized In A Coma
ENTERTAINMENT,Zendaya Explains Why She Exited Lifetime's Aaliyah Biopic
ENTERTAINMENT,"Pretty Little Liars 509: ""March of Crimes"""
ENTERTAINMENT,"Exclusive Interview: Rock City on the 57th #GRAMMYs, Growing Up Poor and #WhatDreamsAreMadeOf"
ENTERTAINMENT,Watch Rebel Wilson Re-enact Her 'Pitch Perfect' Audition
ENTERTAINMENT,Kanye West Demands Fan In Wheelchair Stand Up
ENTERTAINMENT,Parents Of Ex-Marine Battling Addiction Face A Difficult Decision
ENTERTAINMENT,Weird Al Finally Hits. No 1
ENTERTAINMENT,Miley Cyrus Declares Her Love For Liam Hemsworth In A Very Public Way
ENTERTAINMENT,Darren Criss Responds To Fans Who Want His Butt To Nab An Emmy
ENTERTAINMENT,Chance The Rapper Is Now Chance The Weatherman
ENTERTAINMENT,'Westworld' Opening Sequence May Hint At Mother Of All Theories
ENTERTAINMENT,Jessica Alba Confirms She Was 'Body Checked' By Kylie Jenner's Bodyguards
ENTERTAINMENT,'Belle': An Austenesque with a Racial Twist
ENTERTAINMENT,That Time Shonda Rhimes Tricked Someone Into Thinking They Were Killed Off On 'Scandal'
ENTERTAINMENT,A Mighty Oak Falls: A Tribute to Peter O'Toole and His Best Films
ENTERTAINMENT,Dating Game Not Mating Game
ENTERTAINMENT,"Here's Proof Christmas Has Already Begun, Thanks To Mariah Carey"
ENTERTAINMENT,"Taylor Swift Covers Vanity Fair, Talks About Her Girl Squad"
ENTERTAINMENT,"Oscar-Nominated Movies Not Popular Among General Public, Says Poll"
ENTERTAINMENT,Celebrities Mourn David Cassidy's Death With Memories Of The Star
ENTERTAINMENT,Mariah Carey Dresses Up 'Dem Babies' In Adorable Lamb Costumes
ENTERTAINMENT,'Maze Runner' Star Dylan O'Brien Reportedly Run Over By Car During Filming
ENTERTAINMENT,Mike Birbiglia And Gillian Jacobs' New Movie Has Them Pondering Success And Tom Cruise
ENTERTAINMENT,Country Star Craig Morgan Slams Seth Rogen Over 'American Sniper' Tweet
ENTERTAINMENT,BBC's Formal Response To Those Sexist 'Doctor Who' Complaints Is Very Satisfying
ENTERTAINMENT,Paul Simon's Graceland Turns 25 -- Part Three: The Boycott
ENTERTAINMENT,Mario Lopez Ends Those 'Live With Kelly' Co-Hosting Rumors
ENTERTAINMENT,Nicole Richie Debuts New Platinum Hair At House Of Harlow Pop-Up Shop
ENTERTAINMENT,Zac Efron Confirms 'Star Wars: Episode VII' Talks
ENTERTAINMENT,Weekend Box Office: 'Mama' Takes An Early Lead
ENTERTAINMENT,"Justin Timberlake's '20/20 Experience' Is Best-Selling Album Of 2013 So Far, Moving A Whopping 2 Million Units"
ENTERTAINMENT,AMANZA--Ep.10
ENTERTAINMENT,Big Screen Dreams With Aaron Kaufman
ENTERTAINMENT,Ariana Grande Reveals Bee Tattoo In Honor Of The Manchester Attack
ENTERTAINMENT,Here's Your First Look At The 'FourFiveSeconds' Music Video
ENTERTAINMENT,Pixar Releases First Trailer For 'The Good Dinosaur'
ENTERTAINMENT,Watch Adam Levine Be A Fake Rock Star In 'Begin Again' Trailer
ENTERTAINMENT,"Madonna MDNA Tour Demands: 20 International Phone Lines, Yoga Instructor, More (REPORT)"
ENTERTAINMENT,Actor/Photographer Brad Everett Young Wants You to Dream Loud
ENTERTAINMENT,Ryan Murphy Is Worried 'AHS: Freak Show' May Be Too Scary
ENTERTAINMENT,New 'Jurassic World: Fallen Kingdom' Trailer Has A Bonkers Surfing Scene
ENTERTAINMENT,Men of Tai Chi
ENTERTAINMENT,"Trump, Pizza Rat Among Top Halloween Costumes"
ENTERTAINMENT,"Joey Feek, Of Country Duo Joey + Rory, Dead From Cervical Cancer At Age 40"
ENTERTAINMENT,Disney Actress Louriza Tronco of Zapped Tells Us Her Audition Story
ENTERTAINMENT,"Katy Perry Meets Pope Francis, Speaks At Vatican Conference"
ENTERTAINMENT,The Lost Generation: From 'The Joy Luck Club' To 'Crazy Rich Asians'
ENTERTAINMENT,Bill Cosby Cosby Due Back In Pennsylvania Court For Sexual Assault Case
ENTERTAINMENT,People Have Strong Reactions To Barack And Michelle Obama's Portraits
ENTERTAINMENT,Hannibal Buress Hired A ‘Look-Alike’ To Go To 'Spider-Man' Premiere For Him
ENTERTAINMENT,John Kasich On Donald Trump Rape Allegation: 'Just Let It Go'
ENTERTAINMENT,Listen To Beyoncé Sing At 8 Years Old
ENTERTAINMENT,"Donnie Wahlberg Leaves $2,000 Tip, Gifts Tickets At Waffle House"
ENTERTAINMENT,5 Recent Female Duos Who Should Actually Lead True Detective 3
ENTERTAINMENT,Nile Rodgers Has A Lot Of Cool Stories And Wisdom To Share
ENTERTAINMENT,Jimmy Kimmel Hilariously Mocks Hollywood's Diversity Problem In Emmys Opener
ENTERTAINMENT,Asghar Farhadi Wins Big After Boycotting Oscars Over Trump's Muslim Ban
ENTERTAINMENT,Charlize Theron Explains How Her Mom Became Her Weed Dealer
ENTERTAINMENT,HBO Announced Half Of Its 2018 Documentary Line-Up And There’s Something For Everyone
ENTERTAINMENT,WNYC’s New Podcast United States Of Anxiety Takes On A Myopic View Of Brown America
ENTERTAINMENT,D'Angelo Honors Prince With Touching Cover Of 'Sometimes It Snows In April'
ENTERTAINMENT,Dwayne Johnson And His Daughter Will Make Your Heart Melt
ENTERTAINMENT,"Chrissy Teigen 'Gasps' At Cardi B Song Calling For Threesome With Her, Rihanna"
ENTERTAINMENT,Eva Longoria on Her ESPN and NBC Series and the Truth About Gregg Popovich
ENTERTAINMENT,'The Next Kate Upton' Wows In A Little White Dress
ENTERTAINMENT,The Latest 'Game Of Thrones' Jon Snow Rumor Is The Biggest Of All
ENTERTAINMENT,"If Clint Eastwood Ran For President, He Would Destroy Donald Trump"
ENTERTAINMENT,Peter Frampton To Release Acoustic Versions Of His Biggest Hits
ENTERTAINMENT,'House Of Cards' Actor Reg E. Cathey Is Dead At 59
ENTERTAINMENT,Women Sharing Stories Of Sexual Assault Helped Laura Dern Identify Her Own
ENTERTAINMENT,Oscar Night Acceptance Speeches
ENTERTAINMENT,19 Kris Jenner Moments That Make You Crack Up Every Time
ENTERTAINMENT,"Donald Trump Isn't Slowing Down, He's Staffing Up"
ENTERTAINMENT,Kim Kardashian Confused By Steve Harvey Dig That She 'Didn't Know Nothing'
ENTERTAINMENT,Eva Mendes Reportedly Pregnant With Second Child
ENTERTAINMENT,'Mission Impossible 5' Gets A 'Rogue' Title And Bonkers Trailer
ENTERTAINMENT,Grammy Preview: The Actual Best Albums of 2014
ENTERTAINMENT,"Presenting, The Throwback Photo To End All Throwback Photos"
ENTERTAINMENT,Why Erlich On 'Silicon Valley' Is The Best And The Worst
ENTERTAINMENT,Creating Reality on Oprah: Finding My Famous Birth Dad and Aunt and Sharing the First Piece of Our Story
ENTERTAINMENT,Kevin's Addiction Will Surely Signal New Revelations About Jack On 'This Is Us'
ENTERTAINMENT,'Shake It Off' Outtakes Prove Taylor Swift Hates Running
ENTERTAINMENT,"Cathriona White, Girlfriend Of Jim Carrey, Dead At 30"
ENTERTAINMENT,Alec Baldwin Mimics Donald Trump Once More At New York City Rally
ENTERTAINMENT,Watch Mariah Carey Tease A Blindfolded John Legend Onstage In Vegas
ENTERTAINMENT,Singer Sophie B. Hawkins Gives Birth To Baby Girl At Age 50
ENTERTAINMENT,"Believe It Or Not: Luke Skywalker's Lightsaber Bought By Ripley's For $450,000"
ENTERTAINMENT,Jennifer Lopez's Twins Are Off The Charts Cute
ENTERTAINMENT,Aviva sees the light
ENTERTAINMENT,Rejoice: The Trailer For Andie MacDowell And Chris O'Dowd's Mother-Son Movie Is Here
ENTERTAINMENT,Britney And Her Sons Cover People Magazine
ENTERTAINMENT,'Beauty And The Beast' Rules The Box Office With Record-Breaking Debut
ENTERTAINMENT,Don Vito Reportedly Still Critical After Waking From Coma
ENTERTAINMENT,"Strange Man 'Proposes' To Chvrches Singer, Is Immediately Shut Down"
ENTERTAINMENT,Evan Rachel Wood Sued For $30 Million
ENTERTAINMENT,A Woman Proposed To Her Girlfriend During Ryan Gosling's Directorial Debut
ENTERTAINMENT,Suki Waterhouse & Kelly Rowland – BAFTA Britannia Awards 2013 Red Carpet
ENTERTAINMENT,Orlando Bloom Plants One On Comedian David Walliams
ENTERTAINMENT,Sophie Turner Finally Explains Why She Was Licking A Tyrion Mask
ENTERTAINMENT,"James Corden Hilariously Inserts Himself Into The Kim K, Kanye And Taylor Swift Narrative"
ENTERTAINMENT,Jennifer Love-Hewitt Is Pregnant!
ENTERTAINMENT,Lucy Hale Tells Hackers To 'Kiss My A**' After They Release Nude Pics
ENTERTAINMENT,Tracy Morgan Performs First Standup Routine After Deadly Car Crash
ENTERTAINMENT,Selena Gomez Never Thought Her Life Would Become 'A Tabloid Story'
ENTERTAINMENT,Watch As Kit Harington Finally Gets Confronted About Jon Snow's Return
ENTERTAINMENT,Mariah Carey Will Direct A Movie For The Hallmark Channel And It'll Probably Be A Glorious Mess
ENTERTAINMENT,Channing Tatum Opens Up About Struggles With Dyslexia And ADHD
ENTERTAINMENT,Want To Know If 'Fifty Shades' Is Worth Your Time (And Money)?
ENTERTAINMENT,Sean And Catherine Lowe Are Glad The New 'Bachelor' Isn't A Young Guy Looking For Instagram Love
ENTERTAINMENT,Praise 'The Jesus': A 'Big Lebowski' Spinoff Is Reportedly In The Works
ENTERTAINMENT,'How To Train Your Dragon 2' Trailer: New Teaser Sends Hiccup And Toothless Off On More Adventures
ENTERTAINMENT,Madonna Surprises Fans With Six New Songs
ENTERTAINMENT,"The Unfulfilled Promise of Unbroken, the Movie"
ENTERTAINMENT,Adam Driver Spills On 'Star Wars'
ENTERTAINMENT,We Can't Handle The Country Glamour In First 'Nashville' Season 5 Trailer
ENTERTAINMENT,The Biggest Celebrity Fails Of 2015
ENTERTAINMENT,Leopoldo Gout: From Immigrant to Hollywood Power Player and Author
ENTERTAINMENT,Jim Carrey Starts Controversy With Painting That Looks Like Sarah Huckabee Sanders
ENTERTAINMENT,People Really Like Kanye's New Song 'Real Friends' Because It's Really G.O.O.D.
ENTERTAINMENT,Austin Swift Just Got Cast In A Movie Written By A 'Pretty Little Liar'
ENTERTAINMENT,Does Mass Surveillance Really Prevent Terrorism?
ENTERTAINMENT,Coldplay Once Asked David Bowie To Collaborate … He Said No
ENTERTAINMENT,Jennifer Lawrence Climbs Over Seats At The Oscars With Wine In Hand
ENTERTAINMENT,That Time Kevin Hart Saved Lady Gaga's Life At The Golden Globes
ENTERTAINMENT,‘My Dad’s Behavior Is The Reason My Brother Committed Suicide’
ENTERTAINMENT,Kate Winslet And Stephen Colbert Finally Fix The 'Titanic' Ending
ENTERTAINMENT,Rick Astley Rolls His Way To Number 1 In UK With New Album
ENTERTAINMENT,Holy Cow! Jon Stewart Saves Runaway Bull From Slaughterhouse
ENTERTAINMENT,Kelly Clarkson Freaks Out Over Meeting Meryl Streep On Golden Globes Red Carpet
ENTERTAINMENT,'Game Of Thrones' Star Tells George R.R. Martin To 'Go F--k Yourself'
ENTERTAINMENT,A Character Sounding A Lot Like Edward Snowden May Be Coming To CBS
ENTERTAINMENT,'Gone Baby Gone' Actor Sean Malone Dead At 54 After Near-Drowning Incident
ENTERTAINMENT,The First Trailer For 'Rob & Chyna' Is Here And It's Just As Dramatic As We'd Hoped
ENTERTAINMENT,OUT IN FRONT
ENTERTAINMENT,Viola Davis To Sexual Assault Survivors: ‘You’re Born Worthy’
ENTERTAINMENT,Ryan Coogler Will Direct Marvel's 'Black Panther'
ENTERTAINMENT,Miley Cyrus On 'Hannah Montana': Singer Distances Herself From Her Disney Past
ENTERTAINMENT,'Game Of Thrones' Spinoff Screenwriter Offers Tantalizing Plot Hints
ENTERTAINMENT,"Iron Man, Black Widow, Captain America, Thor And Hawkeye Got Matching Tattoos"
ENTERTAINMENT,Samuel L. Jackson Shreds 'Mothaf***a' Donald Trump Over Armed Teachers Idea
ENTERTAINMENT,Jessica Simpson Is A Vision In Blue On Date Night With Husband Eric Johnson
ENTERTAINMENT,"Amy Schumer, Other Celebrities React To Theater Shooting During 'Trainwreck'"
ENTERTAINMENT,Play On! Power Pop Heroes by Ken Sharp... The Greatest Collection of Rock Interviews of All Time? Could Be!
ENTERTAINMENT,Harrison Ford Shreds Donald Trump For 'Air Force One' Praise
ENTERTAINMENT,Talent Agency Drops Hollywood Stuntman Joel Kramer After Eliza Dushku's Molestation Allegation
ENTERTAINMENT,Kanye West's Mother's Day Gift For Kim Kardashian Is Predictably Over-The-Top
ENTERTAINMENT,Jane Fonda Busts Out One Shady Comeback For Lily Tomlin’s Face-Lift Joke
ENTERTAINMENT,"Demi Lovato Tells Ellen DeGeneres She Curses 'Every Day, All Day'"
ENTERTAINMENT,"'Sparkle,' Cee-Lo Green: 'The Voice' Judge Performs 'I'm A Man' In New Movie Preview (VIDEO)"
ENTERTAINMENT,Debra Messing Tells Man To 'Respect Women' After He Sends Her A Dick Pic
ENTERTAINMENT,"Don't Tell A, But Lucy Hale Just Dyed Her Hair Blond"
ENTERTAINMENT,"Dr. Jaime Awe, Real-Life Indiana Jones, Sues LucasFilm, Disney Over Crystal Skull"
ENTERTAINMENT,"'Pretty Little Liars' Cast Gets Matching Ink, Celebrates Freedom From Plot Holes And Red Herrings"
ENTERTAINMENT,'M*A*S*H' Actor David Ogden Stiers Dies At 75
ENTERTAINMENT,ARRESTED
ENTERTAINMENT,Amy Poehler's Greatest Fear Is Being Mistaken For Jennifer Lopez
ENTERTAINMENT,Yet Another Lawsuit Against Justin Bieber
ENTERTAINMENT,Will Smith And Alfonso Ribeiro Had A 'Fresh Prince' Reunion
ENTERTAINMENT,"So, Ryan Seacrest And Adriana Lima Are Apparently Dating"
ENTERTAINMENT,Taylor Swift And Tom Hiddleston Pack On The PDA At Star-Studded July Fourth Beach Bash
ENTERTAINMENT,David Bowie Earns First No. 1 Album With 'Blackstar'
ENTERTAINMENT,Cobie Smulders Goes Topless On New Cover
ENTERTAINMENT,"Out in the Night: A Gripping Reminder of LGBTQ Issues ""Beyond Caitlyn"" [Spoilers]"
ENTERTAINMENT,Heidi Klum's Jessica Rabbit Halloween Costume Is Pretty Incredible
ENTERTAINMENT,Hilary Duff’s ‘Pimp Suit’ Proves Lizzie McGuire Is Over
ENTERTAINMENT,Kylie Jenner Looks Like A Cross Between Kim K And My Little Pony With Blue Hair
ENTERTAINMENT,'Scary Movie 5' Trailer: New Preview Released For Upcoming Movie
ENTERTAINMENT,It's Time To Feel Weird And Uncomfortable About Courtney Stodden
ENTERTAINMENT,Extended 'Godzilla' Trailer Proves That We Have 'No Idea What's Coming'
ENTERTAINMENT,James Corden Pays Homage To 'Varsity Blues' In Whipped Cream Bikini
ENTERTAINMENT,Nick Jonas Is The Perfect Long Island Bro In 'SNL' Sketch
ENTERTAINMENT,Bruce Springsteen Pays Tribute To Glenn Frey With 'Take It Easy' Cover
ENTERTAINMENT,Stars Autograph Ornaments for #celebritiesforsmiles
ENTERTAINMENT,The Three Best Christmas Movies
ENTERTAINMENT,Lil Wayne's Daughter Is Getting Her Own 'My Super Sweet 16' Special
ENTERTAINMENT,Christina Hendricks Finds a Good Fit in God's Pocket
ENTERTAINMENT,'Bachelor In Paradise' Star Corinne Olympios Hires Top Lawyer Following Scandal
ENTERTAINMENT,Elizabeth Olsen Isn't Pleased With Tom Hiddleston's Honky Tonkin' In This 'I Saw The Light' Clip
ENTERTAINMENT,"Candace Cameron Bure Shares Adorable Snap Of Kimmy, DJ And Stephanie On Set Of 'Fuller House'"
ENTERTAINMENT,Now You Can Whip Up A Demogorgon Pie Thanks To Netflix And ‘Stranger Things'
ENTERTAINMENT,"Shania Twain's Latest Single Proves She's Still The One, Twitter Agrees"
ENTERTAINMENT,Reality TV Fans Conflicted About The New 'Celebrity Apprentice' Due To Trump EP Credits
ENTERTAINMENT,Hilary Duff's Bikini Selfie Is For All The Moms Out There
ENTERTAINMENT,'Transparent' Gives Fans A Window Into The Musical It Could Have Been
ENTERTAINMENT,How These 'Orange Is The New Black' Characters Landed In Prison
ENTERTAINMENT,Why A Grown Man Blames His Addictions On His Mom
ENTERTAINMENT,It Looks Like Marisa Tomei Is Your New Aunt May In 'Spider-Man'
ENTERTAINMENT,Cinefantastique's Here's What's Going On:  The Man Behind Despicable Me 2's Minions
ENTERTAINMENT,Taylor Swift And Emma Watson Together Is More Magical Than Hogwarts
ENTERTAINMENT,This Glorious 10-Year 'Friday Night Lights' Reunion Will Give You All The Feels
ENTERTAINMENT,"Tina Fey And Amy Poehler Promise Jokes, Adventure And ISIS In 'SNL' Promo"
ENTERTAINMENT,Lucas Hedges In Real Life
ENTERTAINMENT,Future Cool Mom Rachel McAdams Is Reportedly Pregnant
ENTERTAINMENT,"'The Act Of Killing,' 'Gravity' Named Sight & Sound's Best Films Of 2013"
ENTERTAINMENT,Jessica Simpson's Children Are Adorable Little Christmas Angels
ENTERTAINMENT,James Franco Was Edited Out Of Vanity Fair’s Hollywood Issue Cover
ENTERTAINMENT,Julia Roberts And James Corden Act Out Her Movies In Double-Quick Time
ENTERTAINMENT,Jessica Chastain & Hillary Clinton: Actress Denies Possibility Of 'Rodham' Role
ENTERTAINMENT,Kirk Douglas Turns 100 Today. Here Are 9 Of His Best Films
ENTERTAINMENT,'Grey's Anatomy' Star Caterina Scorsone Accuses James Toback Of Sexual Harassment
ENTERTAINMENT,The Top 5 Most Preposterous Scenes in The Desolation of Smaug
ENTERTAINMENT,Robert Downey Jr.'s Baby Is Crazy Adorable
ENTERTAINMENT,'Selma' Director Thanks Christmas Day Viewers
ENTERTAINMENT,Ryan Murphy Is Already Talking About 'American Horror Story' Seasons 7 & 8
ENTERTAINMENT,Jared Leto Owns An In-Home Guillotine 'For People Who Misbehave'
ENTERTAINMENT,Everything Is Possible While Dancin' in the Kitchen
ENTERTAINMENT,"Whoopi Goldberg Defends Bill Cosby, Says 'He Has Not Been Proven A Rapist'"
ENTERTAINMENT,Miranda Lambert Shares A Sweet Kiss With Boyfriend Anderson East In Instagram Photo
ENTERTAINMENT,EXCLUSIVE: BET Responds After Coming Under Fire from Journalists and Publicists
ENTERTAINMENT,Leaked 'Game Of Thrones' Photos Show A Look At That Huge Battle
ENTERTAINMENT,"'Alice In Wonderland 2' Set For May 2016, With Johnny Depp And Mia Wasikowska Officially On Board"
ENTERTAINMENT,Woody Allen's 'Café Society' Will Open The Cannes Film Festival
ENTERTAINMENT,Jamie Lynn Spears' New TLC Special Looks All Kinds Of Emotional
ENTERTAINMENT,Gracious Robert De Niro Vows Not To Punch Donald Trump In The Face
ENTERTAINMENT,Steve Coogan To Replace Philip Seymour Hoffman On New Show
ENTERTAINMENT,"Yup, Suri Cruise Hung Out With Hillary Clinton"
ENTERTAINMENT,Justin Bieber's New Song 'What Do You Mean?' Gives You A Reason To Belieb
ENTERTAINMENT,Brandy's 'Put It Down' Marks Big Return To Billboard Charts
ENTERTAINMENT,Chris Rock Is Going To Run For President
ENTERTAINMENT,"John Hurt, Star Of 'The Elephant Man' And '1984,' Dead At 77"
ENTERTAINMENT,This 'Gotham' Fan Theory Claims The Joker Has Already Been Revealed
ENTERTAINMENT,Demi Lovato Mourns Her Great-Grandmother In Emotional Instagram Post
ENTERTAINMENT,The Unsolved Tupac And Notorious B.I.G. Murders To Be The Focus Of New True Crime Series
ENTERTAINMENT,John C. Reilly Announces ‘Wreck-It Ralph 2’
ENTERTAINMENT,Valerie Harper Hospitalized Before Stage Performance
ENTERTAINMENT,Lindsay Lohan (Parent) Traps Kourtney Kardashian For Twinning Selfie
ENTERTAINMENT,Here's What The Cast Of 'Rugrats' Would Look Like As Parents
ENTERTAINMENT,'Monsters University' Poster: New Teaser For Upcoming Disney/Pixar Favorite
ENTERTAINMENT,Jessica Chastain Has Pretended To Be Bryce Dallas Howard
ENTERTAINMENT,Public Enemy's Chuck D: Donald Trump Is 'The Epitome Of A White Supremacist'
ENTERTAINMENT,Ariana Grande Breaks Free With An Epic VMA Performance
ENTERTAINMENT,Neil Young Is Actually Fine With Donald Trump Using His Music
ENTERTAINMENT,The New Netflix Show You Cannot Miss
ENTERTAINMENT,Dolly Parton’s CMAs Speech Is Another Reason We'll Always Love Her
ENTERTAINMENT,Lea Michele Kicks Off The New Year With A Cheeky Nude Photo
ENTERTAINMENT,Julia Louis-Dreyfus: 'Veep' Has Turned Into A 'Sobering Documentary'
ENTERTAINMENT,Tom Hanks Signs On To Save The Day In Exclusive Clip From Steven Spielberg's 'Bridge Of Spies'
ENTERTAINMENT,'Star Wars' Trailer Wishlist: VII Things We Hope To See
ENTERTAINMENT,Revisit Your Favorite Junkie Pals In The 'Trainspotting 2' Trailer
ENTERTAINMENT,Dame Judi Dench Learning To Spit Lyrics Will Make You Love Her Even More
ENTERTAINMENT,Big Boi Announces New Record Deal
ENTERTAINMENT,'Walking Dead' Fans Are Freaking Out Over Shocking Premiere
ENTERTAINMENT,Netflix Orders Its Very Own JonBenét Ramsey Documentary
ENTERTAINMENT,Get To Know Noah Solloway's Stunning New Love Interest On 'The Affair'
ENTERTAINMENT,Harambe and 'Damn Daniel' Among The Memes That Won The Internet In 2016
ENTERTAINMENT,Pitbull's Tasteless Memorial Day Tweet Brings Americans Together
ENTERTAINMENT,Kanye And T.I. Debate Trump And MAGA On New Track
ENTERTAINMENT,Jay Z Responds To Tidal Criticism On Twitter
ENTERTAINMENT,Ann Curry Is The Voice Of Reason In The Megyn Kelly-Jane Fonda Feud
ENTERTAINMENT,Kim Kardashian Goes Makeup-Free In Snapchats With North
ENTERTAINMENT,"Kendall Jenner Wears See-Through, Front Slit Dress To AMAs"
ENTERTAINMENT,"Amy Schumer Is Jennifer Lawrence's Friend, But She Doesn't Like Taking Photos With Her"
ENTERTAINMENT,Donald Trump: No Black Presidents For A While Because Of Obama
ENTERTAINMENT,'Daily Show' Explains How We Hack Our Own Elections Better Than Russia Ever Could
ENTERTAINMENT,'House Of Cards' Gets Orwellian In First Few Seconds Of Season 5
ENTERTAINMENT,The One Problem With Martin Scorsese's New Doc
ENTERTAINMENT,British Spies Battled To Stop Harry Potter Secrets From Being Leaked
ENTERTAINMENT,"Kevin Spacey Really Likes Impersonating Bill Clinton, Apparently"
ENTERTAINMENT,Taylor Swift's Duet With Avril Lavigne Is Wonderfully 'Complicated'
ENTERTAINMENT,Could There BE A Better Way For K-Pop Band BTS To Learn English?
ENTERTAINMENT,Woody Allen Really Hopes It’s OK To Keep Winking At Women. Women Beg To Differ.
ENTERTAINMENT,Stephen Colbert Talks Oregon Shooting From The Heart
ENTERTAINMENT,Watch The Kardashians' Amazing Music Video Tribute To Kris Jenner
ENTERTAINMENT,Jennifer Garner Is Returning To TV In Lena Dunham HBO Comedy
ENTERTAINMENT,There Might Be A 'Star Wars' TV Series Coming To A Galaxy Called ABC
ENTERTAINMENT,Katniss Is Jon Snow's Worst Enemy In This 'Hunger Games' And 'GoT' Mashup
ENTERTAINMENT,"Yep, Jake Johnson Would Be Sad To Say Goodbye To 'New Girl,' Too"
ENTERTAINMENT,Fifty Shades of BS
ENTERTAINMENT,Colbert's Response To Trump Revoking Trans Bathroom Rights Is 'Golden'
ENTERTAINMENT,"Kirsten Dunst On 'Spider-Man' Reboots: 'We Made The Best Ones, So Who Cares?'"
ENTERTAINMENT,Joan Rivers Notably Left Out Of The Oscars' In-Memoriam Segment
ENTERTAINMENT,'SEAL Team Six' Romney Soundbite Cut From Version Airing On National Geographic [EXCLUSIVE VIDEO]
ENTERTAINMENT,American Sniper Chris Kyle: A Conversation That Lingers
ENTERTAINMENT,PBS CEO Paula Kerger Will Be 'Vigilant' Against Donald Trump’s Budget Proposal
ENTERTAINMENT,Peppy Electric Violinist Lindsey Stirling Continues To Defy Your Ridiculous Music Categories
ENTERTAINMENT,Here's Why Ed Sheeran Won't Hook Up With Taylor Swift
ENTERTAINMENT,The 'Musically Schizophrenic' Genius Of Gary Clark Jr.
ENTERTAINMENT,"Carrie Preston Talks True Blood, Female Directors and Shooting Sex Scenes"
ENTERTAINMENT,'Looks Like Money' Video Has Lil' Kim Celebrating Wealth
ENTERTAINMENT,"Taylor Swift Stalker Breaks Into Singer's Home, Takes Nap"
ENTERTAINMENT,Proof That Jay Z Has Taken A Sip Of Beyoncé’s 'Lemonade' And He Likes It
ENTERTAINMENT,Justin Bieber Kicks Off His 23rd Birthday With A Fire Studio Session
ENTERTAINMENT,Evan Rachel Wood Is Finally Getting Paid As Much As Her Male 'Westworld' Costars
ENTERTAINMENT,Tessa Thompson Can't Get Enough Of A Hilarious Meme Comparing Her To Goats
ENTERTAINMENT,The Foibles and Fumbles of 'Fashion Police'
ENTERTAINMENT,New Rumor Suggests Superman Might Die In 'Batman v Superman'
ENTERTAINMENT,Tiffani Thiessen's Daughter And Newborn Son Are Beyond Adorable
ENTERTAINMENT,How Harvey Weinstein Used Elaborate Nondisclosure Agreements To Silence Accusers
ENTERTAINMENT,"The 'X-Men: Apocalypse' Leaks, And It's Intense"
ENTERTAINMENT,"Bella Gaia: ""Ground Control to Major Tom"""
ENTERTAINMENT,The Type Of Show We All Watch The Fastest On Netflix
ENTERTAINMENT,"Vanessa Hudgens' Father, Gregory Hudgens, Has Died"
ENTERTAINMENT,Destiny's Child Reunited For Kelly Rowland's Birthday And It Was Fierce
ENTERTAINMENT,This Is How 'Fuller House' Will Explain The The Olsen Twins' Absence
ENTERTAINMENT,John Boyega Photobombs 'Star Wars' Fans For A Terrific Cause
ENTERTAINMENT,Seth MacFarlane Says His Harvey Weinstein Oscars Joke Had Venom In It
ENTERTAINMENT,Mariah Carey Sings 'Vision Of Love' And 'Infinity' At The Billboard Music Awards
ENTERTAINMENT,'The Walking Dead' Spoils Its Own Cliffhanger With New Photos
ENTERTAINMENT,REPORT: Trevor Noah On Track To Take Over As 'Daily Show' Host
ENTERTAINMENT,Honoring Roger Ebert's Memory in the Movies We Watch
ENTERTAINMENT,"Beyonce Shares More Blue Ivy Photos, Melts More Hearts"
ENTERTAINMENT,Bill Paxton Had A Way Of Sneaking Up On You
ENTERTAINMENT,'The Affair' Wins An Unexpected Golden Globe
ENTERTAINMENT,J.J. Abrams Reveals Lupita Nyong'o's 'Star Wars' Character's Backstory
ENTERTAINMENT,Really Bad and Not Particularly Good at It: Some Thoughts on Rihanna
ENTERTAINMENT,Ryan Reynolds Premieres 'Deadpool' Trailer; It Was Worth The Wait
ENTERTAINMENT,Temple Of The Dog Reunites For 'Hunger Strike'
ENTERTAINMENT,Watch Jacob Tremblay Charm The Pants Off Ellen DeGeneres
ENTERTAINMENT,"Ariana Grande Randomly Licks Donuts She Didn't Buy Before Proclaiming, 'I Hate America'"
ENTERTAINMENT,Taylor Swift Shakes It Off With Adorable 7-Year-Old Dancer Dylan Barnes
ENTERTAINMENT,Dusty Rhodes Bridged the Racial Divide
ENTERTAINMENT,Project Runway Empire
POLITICS,"Trump Is Still Granting DACA, And It's Angering Some Of His Supporters"
POLITICS,Scott Pruitt’s First Year Set The EPA Back Anywhere From A Few Years To 3 Decades
POLITICS,Energy Company Says Iowa Pipeline Spill Was Smaller Than It Initially Reported (UPDATE)
POLITICS,Same-Sex Marriage Advocates Still Fighting To Change Minds
POLITICS,Trump Claims He Could Shoot Someone And Not Lose Voters
POLITICS,Santorum: GOP Opposition To Minimum Wage 'Makes No Sense'
POLITICS,Judge Drops Death Penalty Option In Mass Murder Case Tainted By Misconduct
POLITICS,"'Provocative' Police Tactics Inflamed Ferguson Protests, Experts Find"
POLITICS,Kansas Official Shows Slides Of Criminals Named Mohammed
POLITICS,Compassionate Conservatism Roars Back: John Kasich Surprises In New Hampshire
POLITICS,President Trump's War On Children
POLITICS,"Reince Priebus, Other Republicans Denounce Trump's 'Indefensible' Comments About Women"
POLITICS,John Kasich Has No Idea Where He Stands On Campaign Finance Reform
POLITICS,There Is No Good Way To Explain Donald Trump's Climate Change Tweet
POLITICS,What Our Kids Have Learned About Public Service
POLITICS,Donald Trump Criticizes GOP Over Timing Of Move To Gut 'Unfair' Ethics Watchdog
POLITICS,This Is The Conservative Machine That Put Neil Gorsuch On The Supreme Court
POLITICS,'Never Trump' Does Not Necessarily Mean 'Not An NRA Stooge'
POLITICS,"House Passes Defense Bill That Helps Partner Of Iran, Ignores New War"
POLITICS,Obama: 'I Will Miss Stuart Scott'
POLITICS,Clinton Campaign Trolls Trump Over Inherited Wealth
POLITICS,How The LA Times Union Won
POLITICS,GOPer Who Voted To Impeach Bill Clinton: Donald Trump Situation Is 'Much More Serious'
POLITICS,Mourners Pay Respects To Nancy Reagan
POLITICS,These Government Watchdogs May Be Our Best Hope Of Keeping A Trump Administration In Check
POLITICS,Trump Aims To Limit The Education Department's Influence In New Order
POLITICS,Hillary Clinton Claims Victory In Kentucky (UPDATE)
POLITICS,How A Literal Shock Inspired A Former Marine To Run For Office As A Democratic Socialist
POLITICS,Archdiocese Of New York Pays $40 Million To Sexual Abuse Victims
POLITICS,HUFFPOST HILL - GOP Lawmakers Break From Ignoring Strongly Worded Letters To Write Strongly Worded Letter
POLITICS,DOJ Slaps Quotas On Immigration Judges To Speed Deportations
POLITICS,Here's How NYC Corrections Could Change After Rikers Island Shuts Down
POLITICS,GOP Congressman Now Realizes That Demeaning Women In His District Maybe Wasn't Such A Good Idea
POLITICS,U.S. Senate Approves Ben Carson For Housing Secretary Post
POLITICS,Boondoggle HQ: The $25 Million Building In Afghanistan Nobody Needed
POLITICS,Here’s Who Could Have Become President If Disaster Hit The Inauguration
POLITICS,Kid Grills Senator About Trump Cutting PBS To Build Border Wall
POLITICS,Stop Corporate Welfare Kings and Tax Escapees From Strip-mining America
POLITICS,Friday's Morning Email: What's Next For Theresa May Following Stunning UK Election Upset
POLITICS,St. Louis Police Pursue Assault Charge Against Youngest Member Of Ferguson Commission
POLITICS,Texas Democrats Celebrate Lamar Smith's Retirement: 'It's Great News For The Climate'
POLITICS,A Blowhard When It Snows Hard
POLITICS,"The Longer Trump Waits To Release New Travel Ban, The Less It May Fly In The Courts"
POLITICS,Hillary Clinton Describes How She Unplugged After State Department Job
POLITICS,Trump’s HHS Nominee Got A Sweetheart Deal From A Foreign Biotech Firm
POLITICS,Friday's Morning Email: Trump's Labor Pick Opposes Significantly Raising Minimum Wage
POLITICS,Pence: Trump 'Has Literally Filled This White House' With Anti-Abortion Leaders
POLITICS,White House Lawyer Insists Trump Isn't Considering Firing Mueller
POLITICS,Hurricane Harvey Should Be A Wake-Up Call To Trump's Disaster Relief Budget
POLITICS,"Trump: Outgoing Economic Adviser Is ‘A Globalist, But I Still Like Him’"
POLITICS,Christie Prepares Withering Attacks On Rubio
POLITICS,"Democrats Who Support Neil Gorsuch Will Pay A Price, Progressive Groups Warn"
POLITICS,This State Paid For Patients' Colonoscopies And Saved Millions
POLITICS,Whoa! Whassup with That Big Negative Q1 GDP Revision?
POLITICS,U.S. Considers Banning Electronics On Flights From European Airports
POLITICS,Republicans Really Hope Trump Will Stop Saying Racist Things About Judge
POLITICS,"Michelle Obama Speaks In Mississippi, Slams Its New Anti-LGBT Law"
POLITICS,Trump Again Uses Kate Steinle’s Death To Call For Stricter Immigration
POLITICS,You Need To Connect The Dots Between The Bombshell Michael Flynn Stories
POLITICS,Flint Water Crisis Was Caused By Failure At Every Level Of Government
POLITICS,Trump: 'I Never Said' Muslims Should Be Profiled
POLITICS,Paul Ryan Elected House Speaker
POLITICS,"Cities Are Doing Just Fine, Thank You Very Much"
POLITICS,"2016 Election Finds Women Making History, Men Making Everyone Uncomfortable"
POLITICS,"After Coming Forward About Her Rape, Jackie Fox 'Woke Up In A Parallel Universe'"
POLITICS,The Next Phase of the Koch Brothers' War on Unions
POLITICS,Hillary Clinton Defends Planned Parenthood After Sting Videos
POLITICS,Getting Democrats to Vote
POLITICS,Declaring America's Independence From Forever Wars
POLITICS,The Liberal Establishment Suddenly Sounds Very Ambitious On Health Care
POLITICS,Neil Gorsuch Was An Outspoken College Conservative With A Disdain For Activists
POLITICS,Department Of Education Gives States Guidance On New Schools Law
POLITICS,10 Quotes That Capture The Horror And Complexity Of Paris Attacks
POLITICS,Jared Kushner To Testify Behind Closed Doors About Russia Contacts
POLITICS,Schock Spending Scandal Spurs House Review Of Member Expenses
POLITICS,Trump’s New Travel Ban Could Hinder Research On HIV And Mental Health
POLITICS,Trump Booed At Davos For Criticizing 'Fake' Media
POLITICS,Why 'Red' States Shoulder The Deepest Cuts Under Obama
POLITICS,House Democratic Primary For California Seat Gets Pretty Ugly
POLITICS,Congressman Bobby Rush Feels 'Ashamed' Of Voting For 1994 Crime Bill
POLITICS,Online Interest In Gorilla Eclipses Interest In Donald Trump
POLITICS,Stephen Colbert Gives Jeb Bush A Little Debate Prep On 'The Late Show'
POLITICS,"Expand CDC Precautions Based Upon Evidence-Based Science: Quarantine, Not a Ban"
POLITICS,Elizabeth Warren Calls On Senate To 'Exercise Fundamental Moral Leadership' And Reject Jeff Sessions
POLITICS,Speedo Sinks Alaska Governor's Appointee
POLITICS,Your Guide to Where Republicans Stand on Roy Moore
POLITICS,"Reid, Warren Meet With Progressive Groups Ahead Of Looming Government Shutdown"
POLITICS,"HuffPost Rise Morning Newsbrief, October 5"
POLITICS,Energy Week Is Energy Weak
POLITICS,Tennessee Governor Skeptical Of Anti-Transgender Bathroom Bill
POLITICS,Tweeters Freak Out Over Donald Trump's Appointment Of 'Warmonger' John Bolton
POLITICS,'We Aren't Nazis' Says Husband Of Woman Who Gave Nazi Salute At Trump Rally
POLITICS,"Hillary Clinton: After Orlando, We Can't Demonize Muslim People"
POLITICS,Donald Trump Ducks Questions About Administration's Ties To Russia
POLITICS,Justice Sotomayor: Stop Bending the Constitution to Favor Cops
POLITICS,"Trump Briefly Admits To Making Something Up, Then Changes His Mind"
POLITICS,Biden To Test Political Waters In Florida As He Mulls 2016
POLITICS,Former GOP Sen. Judd Gregg: Trump's Campaign Is 'Entertainment'
POLITICS,HUFFPOLLSTER: Most Sanders Supporters Say They Back Clinton Over Trump
POLITICS,John McCain: 'We're A Better Country' Because Of Humayun Khan
POLITICS,The United Debacle Shows Airlines Have Given Up On The Free Market
POLITICS,What Trump's White House 'Warriors' Could Learn From 'The Art Of War'
POLITICS,Marco Rubio’s Trickle-Down Nonsense Explored
POLITICS,Neil Gorsuch Backs Supreme Court's Key Gun Rights Ruling As 'The Law Of The Land'
POLITICS,Pennsylvania Supreme Court Appears Open To Striking Down Gerrymandered Map
POLITICS,Bernie Sanders Counters Hillary Clinton's George Clooney Fundraisers With '$27' Ad
POLITICS,The Easiest Way To Improve Test Scores That Has Nothing To Do With Studying
POLITICS,"Displaced By Maria, Puerto Rican Teachers Face Hurdles On Mainland"
POLITICS,Hispanic Official To Leave R.N.C. In Sign Of Disaffection With Donald Trump
POLITICS,HuffPost Rise: What You Need To Know On June 6
POLITICS,Donald Trump Surrogate Goes After John Kasich For Not Voting For Trump
POLITICS,Stop China’s Stealth Invasion
POLITICS,"Bill Clinton Rips 'Awful Legacy Of The Last 8 Years,' Later Says He Wasn't Referring To President Obama"
POLITICS,Bernie Sanders Dismisses Hillary Clinton's Comments Blaming Him For Her Election Loss
POLITICS,Indiana Officials Target A Black Voter Registration Drive On A Technicality
POLITICS,Friday's Morning Email: The Uninsured Rate Is On The Rise Again
POLITICS,Obama Administration Allows UN Resolution Condemning Israeli Settlements To Pass
POLITICS,Do Financial Advisers Work for You or Wall Street?
POLITICS,Criminal Justice Reform May Be The One Thing Congress Can Get Done In Obama’s Last Year
POLITICS,"Republicans Still Don't Think Obama Is American, But Don't Care Ted Cruz Was Born In Canada"
POLITICS,7 Instances Of Blatant GOP Fearmongering
POLITICS,Republicans Set To Lose Senate Control
POLITICS,I Wish 'We're The Greatest!' Weren't Such Good Politics
POLITICS,Dakota Access Pipeline Standoff Lapses Into Violence
POLITICS,Turkey's First Lady Asks Americans To Imagine Brooklyn Bridge Seized By Terrorists
POLITICS,Cleveland Reaches Settlement With Justice Department Over Police Conduct
POLITICS,Democratic Senate Candidates Run From Obama While GOP Moves Toward His Agenda
POLITICS,Hillary Clinton Applauds March For Science
POLITICS,Chelsea Clinton And Kellyanne Conway Share Unlikely Friendly Moment On Twitter
POLITICS,Trump Administration Paves Way For States To Force Medicaid Recipients To Work
POLITICS,Time for United Nations Intervention
POLITICS,Baltimore Homicide Toll Exceeds 300
POLITICS,Donald Trump Is Sabotaging His Own Wall Street-Friendly Agenda
POLITICS,Health Care Protections Keep These Kids Alive
POLITICS,Seniors Forced Into Poverty As Education Department Demands Payment
POLITICS,Paul Ryan To Speak With Donald Trump
POLITICS,HuffPost Rise: What You Need To Know On May 20
POLITICS,Filipino World War II Veterans Will Get Easier Path To Reunite With Family
POLITICS,Being Humane and Being Fair
POLITICS,"GOP Senator Throws 'Talking Stick' During Shutdown Meeting, Breaks Glass Elephant"
POLITICS,Trump Voters: Should We Write Them Off or Try to Bring Them Back from the Dark Side: Part I
POLITICS,Florida's Voting Fiasco
POLITICS,Will Labor Solidarity Save the Post Office?
POLITICS,"To Keep On Trucking, States Streamline Food Truck Licensing"
POLITICS,America’s Scientists To House Science Committee: Go Away
POLITICS,Trump Administration To End Immigration Protections For Haitians
POLITICS,Nancy Pelosi Calls For A Select Committee On Gun Violence
POLITICS,Paul Ryan's Wonk Shtick Is Getting Old
POLITICS,Proposed Drone Regulations Complicate Amazon Delivery Plans
POLITICS,J. Edgar Hoover's Oversteps Show Why FBI Directors Are Forbidden From Getting Cozy With Presidents
POLITICS,The ACLU Is Suing To Strike Down Ohio's Congressional Map
POLITICS,DNC Chair Says Tulsi Gabbard Would Have Been 'Distraction' At Debate
POLITICS,Paul McCartney Joins March For Our Lives In Memory Of John Lennon
POLITICS,"In New Orleans, A School That Refuses To Allow Its Students To Fail"
POLITICS,Republicans Want To Use Zika Funding Bill To Keep Truckers On The Road Longer
POLITICS,Debbie Wasserman Schultz Finally Gets Some Love In Philadelphia
POLITICS,Most Republicans Don't Think Sex Assault Claims Should Disqualify Trump -- Even If They're True
POLITICS,Republicans Randomly Bring Up Monica Lewinsky When Questioning Loretta Lynch About Hillary Clinton
POLITICS,Steve King Defends His White Nationalism Tweet By Saying He Wants U.S. To Be ‘So Homogenous’
POLITICS,Judge Orders Release Of EPA Nominee Scott Pruitt's Fossil Fuel Emails
POLITICS,Join HuffPost For Our Post-Debate Coverage
POLITICS,"Academia, Applied Research and Your Tax Dollars"
POLITICS,New Republican Bill Makes Suing Cops For Civil Rights Violations Really Tough
POLITICS,Kerry Washington: How About Kamala Harris For First Female President Of Color?
POLITICS,Government Shuts Down As Congress Fails To Reach Spending Agreement
POLITICS,Hillary Clinton Calls For Michigan Gov. Rick Snyder To Resign Or Be Recalled
POLITICS,"Utah Lawmakers Are Targeting Porn, Again, Using Poor Science"
POLITICS,Will This Guy Shut Off The Lights In The Sanders Campaign?
POLITICS,President Confident His Jury Is The Grandest
POLITICS,HUFFPOST HILL - Golden Age Of Political Comity Put Off For Another Day
POLITICS,Celebrities Urge GOP Electors To Deny Trump Electoral College Win
POLITICS,Ukraine's Uncertain Future
POLITICS,Trump Says Talks Under Way For Release Of Americans Held In North Korea
POLITICS,Voters Deserve Fair Maps -- It's Time For SCOTUS To End Gerrymandering
POLITICS,A New Year’s Resolution That Counts
POLITICS,Jimmy Carter Shakes Hands With Every Passenger On Flight To Washington
POLITICS,Trump Calls On Congress To Empower Agencies To Oust Federal Workers
POLITICS,FBI Has 'Grave Concerns' On Republican-Authored FISA Memo Trump Wants Released
POLITICS,GOP 'Self-Deportation' Fantasy Is Alive and Well
POLITICS,Pope's Message to Congress: Have Compassion For The Most Vulnerable Among Us
POLITICS,UK Citizen Sues Hawaii Police For Allegedly Depriving His Gun Rights
POLITICS,Clinton's Refusal To Quit In 2008 Haunts Her In 2016
POLITICS,HUFFPOLLSTER: Battleground State Polls Missed In White Working-Class Areas
POLITICS,"A Small Town, KKK Hoods, A Burning Cross, And A School"
POLITICS,Today's The Last Day To File a Claim Over The Nearly 1 Million Bogus NYPD Summonses
POLITICS,"The Stakes Of The 2016 Election Just Got Much, Much Higher"
POLITICS,Kamala Harris: 'A Good-Paying Job Is A Woman's Issue'
POLITICS,Donald Trump Says Peace In The Middle East Is 'One Of The Toughest Deals'
POLITICS,Six Elements for Success: Smart Investments Result in Good Starts for Families
POLITICS,There Is Still Time for Obama to Strengthen the American Dream for All
POLITICS,"Canada Does Michigan A Solid, Puts Up More Money For International Bridge To Detroit"
POLITICS,Changing The Political Climate
POLITICS,Democratic Candidates Are Hanging Roy Moore Around The Necks Of Their GOP Opponents
POLITICS,"No, Mike Pence, It Wasn't Hillary Clinton Who Agreed To Pull Troops From Iraq In 2011"
POLITICS,New Program Seeks To Make Democrats' Campaigns As Diverse As Their Voters
POLITICS,Why It’s So Hard to Fire an Abusive Prison Guard
POLITICS,Steve King Dedicates Empty Seat At State Of The Union Speech To 'Aborted Babies'
POLITICS,"What Marco Rubio Won’t Say About Clinton, Bush And 9/11"
POLITICS,Jeb Bush May Be The Most Awkward 2016 Candidate
POLITICS,"Lena Dunham, Tina Brown Reportedly Warned Clinton Campaign About Weinstein"
POLITICS,"Republicans Split From Trump, Say Memo Doesn't Mean Russia Probe Should End"
POLITICS,Check Out The Scenes From The Second Dem Debate
POLITICS,Democrats Could Win By Losing On The Supreme Court
POLITICS,Supreme Court Sides With Pregnant Workers
POLITICS,Is Paul Ryan Helping To Support The White Supremacist Movement?
POLITICS,"Comey Calls GOP-Led Probe On Russia A 'Wreck,' Slams Trump's Credibility"
POLITICS,What Might Happen To This Term's Close Cases
POLITICS,Bernie Sanders Steps Up Feud With Democratic Establishment
POLITICS,GOP Tees Up 'Default Prevention' Bill In Case Congress Fails To Raise Debt Ceiling
POLITICS,What Do Republicans Stand For?
POLITICS,HUFFPOLLSTER: How Much Are Pollsters Really Getting Paid?
POLITICS,Maine Gov. May Have Made A Huge Mistake... 19 Times
POLITICS,Here Is Trump's Absurd Defense For His Wiretap Claim
POLITICS,The U.S. Is Driving Less And Still Building More Highways
POLITICS,Democratic Drama As Curtain Rises On New Hampshire Debate
POLITICS,"Post-Charleston, Ferguson, Newtown: How ""Advanced"" Is America?"
POLITICS,Bernie Sanders Draws On Borough Childhood In Brooklyn College Commencement Speech
POLITICS,The Senate Just Cemented Obama's Judicial Legacy
POLITICS,Republicans Urge Obama Administration To Crack Down On Sanctuary Cities
POLITICS,5 Indefensible Tweets From The NRA Since The Oregon Gun Massacre
POLITICS,GOP-Backed Poll-Watching Measure Sparks Voter Intimidation Fears In Pennsylvania
POLITICS,Elizabeth Warren Just Trolled Wells Fargo's CEO So Hard
POLITICS,Illinois Governor Signs Bill Expanding Abortion Coverage
POLITICS,"U2 Spy Plane Crash In California Kills Pilot, Injures Another"
POLITICS,The Fossilization Of The Tax Code
POLITICS,Our Most Unpredictable President Will Deliver Washington’s Most Boring Speech
POLITICS,Trump Administration Reverses Promise To Ban Elephant Hunt Trophies
POLITICS,Kellyanne Conway Defends Trump's Twitter Use As A 'Free' Way To Share Information
POLITICS,Former Press Secretaries Say Donald Trump's Relationship With Journalists Will Be Unprecedented
POLITICS,Former Rep. Michael Grimm Sentenced To Eight Months In Prison
POLITICS,Majority Of Young Americans Think Government Abuses Its Power
POLITICS,Ben Carson Calls On 'Elderly' Trump And Clinton To Release Medical Records
POLITICS,The Real Reason For 'CalExit'
POLITICS,"After Long Fight, Some Farmers Get Relief From High Property Taxes"
POLITICS,John Lewis Overcome With Emotion At A Civil Rights Movement Exhibit
POLITICS,"As Trump Eyes Warmer Ties With China, Congressional Delegation Visits With Dalai Lama"
POLITICS,"Libertarians and Conservatives: Opponents, Not Allies"
POLITICS,Joe Donnelly Becomes Third Democratic Senator To Back Neil Gorsuch
POLITICS,School Districts Start Training Teachers To Carry Concealed Weapons In Classroom
POLITICS,Trump's Deficit Is Fine. His Budget Is Terrible.
POLITICS,Are White Parents The Only Ones Who Hate Standardized Testing?
POLITICS,Watch Highlights From The CNN Democratic Debate In Brooklyn
POLITICS,"Donald Trump’s Economic Team Is 38 Percent Steves, 60 Percent Free Trade Proponents"
POLITICS,'Compromise' -- And Other Fables
POLITICS,Trump Dismisses Hearing On Campaign's Ties To Russia As 'Charade'
POLITICS,You Can Listen To The Fox Business GOP Debate Live Here
POLITICS,The Trump-Putin Meeting And The Fate Of The Earth
POLITICS,"HuffPost Rise Morning Newsbrief, October 15"
POLITICS,Donald Trump Honors Boxing Legend He Once Implied Didn't Exist
POLITICS,Sheriff Supporting Trump Says It's Time To Bring Out 'Pitchforks And Torches'
POLITICS,Carly Fiorina 'Disappointed' With Jeb Bush's Comments On Women's Health
POLITICS,Iowa Kicks Off 2016 Presidential Race With Caucus Tradition
POLITICS,Bernie Sanders References Gordon Gekko: 'Greed Is Not Good'
POLITICS,Obamacare Helped Millions Of Uninsured. It May Not Help Many More.
POLITICS,Thursday's Morning Email: Inside Charlotte's State Of Emergency
POLITICS,Tapping Into The Most Overused Cliche In Campaign Coverage
POLITICS,Plouffe: Trump More Dangerous To Clinton Than Cruz
POLITICS,Trump Cracks Down On Protesters
POLITICS,Tightening The Leash On Fake Service Dogs
POLITICS,"To Save Their Party, Republicans Must Sacrifice The Trump Presidency"
POLITICS,Bernie Sanders Meet Bayard Rustin
POLITICS,Inside Ted Cruz’s Novel Strategy For Winning From Behind
POLITICS,U.S. and Israel: Angry Words
POLITICS,6 Dreamers Sue Trump Administration Over DACA Decision
POLITICS,Syria v Ukraine
POLITICS,Monday's Morning Email: U.S. Puts North Korea On Notice
POLITICS,What The White House Wants Every Family To Know About College
POLITICS,"Republican Food Stamp Bill Would Cut Benefits, But Not The Size Of Government"
POLITICS,Tennessee Officials Are Trying To Get To The Bottom Of An Election Night Cyberattack
POLITICS,GOP Rival Says Tammy Baldwin Is On ‘Team Terrorists’ For Her Silence On Trump CIA Pick
POLITICS,Paul Ryan Urges Republicans Not To Use Memo Attacking Trump Probe To Attack Trump Probe
POLITICS,Republicans Are Hustling To Pass A Tax Bill That No One Really Likes
POLITICS,Support For Gun Control Spikes After Orlando Shooting
POLITICS,100 Days Of Broken Promises
POLITICS,John Kasich Implies He May Not Back Donald Trump If Mogul Wins GOP Nomination
POLITICS,Obama Takes Supreme Court Fight To Republican Senators' Home Turf
POLITICS,Ben Carson's Camp Wants Debates To Have 140 Minutes Of Opening And Closing Statements
POLITICS,The CDC's Tom Frieden and Ebola Virus Disease
POLITICS,Tony Strickland Defeated By Fellow Republican In House Race
POLITICS,Donald Trump's Silence
POLITICS,Hillary Clinton Hits Trump Administration For Approach To LGBTQ Issues
POLITICS,Brits Plan Massive Protest For Donald Trump's Visit To London
POLITICS,11 Men Are Trying To Get Out Of Gitmo By Using Trump's Own Words Against Him
POLITICS,California Lawmakers Ready To Fight Against Federal Offshore Drilling Plan
POLITICS,"Days Before The Election, One Place In Washington Rose Above Politics"
POLITICS,Conservatives Demand Changes On Health Care Bill As GOP Leaders Sound Shaky
POLITICS,So That Happened: Obama Asks Congress If It's Okay That He Started Fighting ISIS
POLITICS,The Never-Ending Campaign
POLITICS,Clinton's Book Hits Back At -- Of All People -- Joe Biden
POLITICS,"Bipartisan Group of Governors Propose Obamacare Fixes, Beg Congress To Consider"
POLITICS,U.S. Stands By Assertion That North Korea Was Behind Sony Cyberattack
POLITICS,Bernie Sanders Wants DOJ To Investigate 'Potential Fraud' By Exxon Over Climate Research
POLITICS,Republicans Fail To Take Down Hillary Clinton After 11-Hour Benghazi Hearing
POLITICS,Trump’s Destruction Of National Monuments Is Unethical And Short-Sighted
POLITICS,George Papadopoulos Helped Spur Russia Probe By Spilling Secrets To Diplomat: NYT
POLITICS,Supreme Anointment Court
POLITICS,House Republicans Back Off From Impeaching The IRS Commissioner -- For Now
POLITICS,Bernie Sanders Pins The Rise Of ISIS On 'Disastrous' Invasion Of Iraq
POLITICS,Did Bernie Sink Hillary’s Chances At Winning The Presidency?
POLITICS,The United Police States of America
POLITICS,Obama Wants To Limit Class Time Devoted To Standardized Tests
POLITICS,Seth Meyers Recalls The Correspondents' Dinner When He Torched Trump
POLITICS,Donald Trump: 'I’m Afraid The Election Is Going To Be Rigged'
POLITICS,Elizabeth Warren Endorses Her Former Opponent Scott Brown For VA Secretary
POLITICS,Here's What It's Like To Lobby For Refugee Lives
POLITICS,"Kasich Says Humans Cause Climate Change, Then Proposes More Ways To Cause Climate Change"
POLITICS,"Mike Pence Used State Police To Suppress Voter Registration In Indiana, Advocacy Group Claims"
POLITICS,A Meditation on the Unspoken Causes of Child Migration
POLITICS,Trump Nomination 'Could Reshape GOP As European-Style White-Identity Party'
POLITICS,White House Dismisses Online Petition To Label Black Lives Matter A Terrorist Group
POLITICS,'Swing Vote' Gorsuch Silent During Case That Could Crush Public-Sector Unions
POLITICS,Ted Cruz Is Really Fed Up With Mitch McConnell
POLITICS,Tearful Airport Goodbye Leads Republican To Quit Congress
POLITICS,Setting The Record Straight On Highway Infrastructure
POLITICS,Is Resisting Trump Enough?
POLITICS,The Cycle Of Terror Resumes In London: Stop Playing Whack-A-Mole
POLITICS,Modi's Greta Garbo Moment on Kashmir
POLITICS,Does It Make A Difference If The Mass Shooting Victims Were Possibly Trump Backers?
POLITICS,Doing the Right Thing on Marriage in the Supreme Court
POLITICS,The GOP Targets Entitlements
POLITICS,Monica Lewinsky: 'The Shame Sticks To You Like Tar'
POLITICS,Majority Of Republican Millennials Support Marijuana Legalization
POLITICS,Obama Jilts Dems For GOP-Approved Trade Pact
POLITICS,House Averts Government Shutdown -- For 5 Days
POLITICS,Fixing Facebook And Defending Democracy
POLITICS,So Many Reasons To March This Saturday
POLITICS,Why The Health Care Debate Will Never End
POLITICS,"Trump Is Likely To Get Rid Of The Special Counsel, One Way Or Another"
POLITICS,"No, The System’s Not Totally Rigged. But That Idea Sure Helped Donald Trump."
POLITICS,Trump Prepared To Dede Wyoming Delegate Contest
POLITICS,Bait and Switch Foils NYS Adoptee Rights
POLITICS,Transit Cop Investigated After Quizzing Passenger On Immigration Status
POLITICS,Trump Loved Hacks. But Now They're Hitting His People — And Anyone Could Be Next.
POLITICS,Congressman Trolls Trump With Introduction Of 'Stable Genius Act'
POLITICS,Trump Campaign Manager Corey Lewandowski Will Oversee The Vice-Presidential Search
POLITICS,Trump Administration Moves To Keep Full CIA Torture Report A Secret
POLITICS,Former Republican Presidential Candidate Bob Dole Hospitalized
POLITICS,Donald Trump’s Journey From Degenerate 'Con Man' To President
POLITICS,The Supreme Court Is 100 Percent Unanimous. That Won't Last Long.
POLITICS,The Handshake of Asia's Dreams?
POLITICS,"Michael Brown, Eric Garner, and Justice"
POLITICS,The Latest Wave Of NFL Protests Is Likely To Be Unpopular. That Shouldn't Be A Surprise.
POLITICS,Comey Confirms Michael Flynn Under Investigation For Lying To FBI
POLITICS,Jimmy Carter Celebrates His 92nd Birthday
POLITICS,California's Prison-Population Reduction Is Good News
POLITICS,Obama: I'll Use Clemency Power 'More Aggressively'
POLITICS,New Documentary 'Making A Killing' Shows How To Prevent Suicides By Gun
POLITICS,Elizabeth Warren Blasts Wells Fargo CEO’s MultiMillion Dollar Retirement
POLITICS,Elections 2014: Read Updates On Battles Around The Nation
POLITICS,White House Trade Adviser: The Washington Post Is 'Fake News Most Of The Time'
POLITICS,Barack Obama Announces First Public Appearance Since Leaving White House
POLITICS,"'I'm The Shooter, It's Me': Gunman Reportedly Called Local TV Station During Orlando Attack"
POLITICS,New York City Will Implement Sweeping Reforms For Rikers Island Jail
POLITICS,Sen. John McCain Receives Bipartisan Support And Praise Following Cancer Diagnosis
POLITICS,Harry Reid On The GOP: 'They Don’t Have Enough Nerve To Repeal Obamacare'
POLITICS,"In This Florida District, Black Students Are Punished Far More Harshly Than White Students"
POLITICS,Friday's Morning Email: 'Terrorist Incident' Rocks London Tube
POLITICS,More Republican Candidates Call Confederate Flag A State Issue
POLITICS,Unusual Polling Question Reveals Which Candidate Is More Likely To Win In November
POLITICS,Everything You Need To Know About The DNC Race
POLITICS,Koch Brothers Will Not Use Their $400 Million Political Arsenal To Block Trump
POLITICS,Nancy Pelosi: 'I Never Thought I’d Pray' Bush Was Still President
POLITICS,"Austin Voters Deal Huge Setback To Uber, Lyft"
POLITICS,A Deconstruction Of The Alt-Right Movement
POLITICS,Why Ted Cruz's Candidacy Isn't Catching Fire With U.S. Latinos
POLITICS,GOP Candidates Want To Put A Planned Parenthood Board Member On The $10 Bill
POLITICS,Mama Said There'd Be Days Like This: Schumer Cooks Up Trump 100-Day Playlist
POLITICS,"Why the Trans-Pacific Partnership Is Bad for Workers, and for Democracy"
POLITICS,ACLU Blasts Orange County DA Office For Refusing To Release Public Records In Informant Scandal
POLITICS,Fox News Doctor: Ben Carson Was Right About Guns And The Holocaust
POLITICS,NYPD Union Chief Calls James Blake Arrest Critics 'Un-American'
POLITICS,Civic Groups Are Rushing To Register Newly Eligible Ex-Offenders In Virginia
POLITICS,LIVE RESULTS: West Virginia and Nebraska Primaries
POLITICS,A Regulator Finally Gets It Right: CFPB Hits A Bad Bank Where It Hurts
POLITICS,"Trump Invoked In 20 Percent Of Hate Crimes Against South Asians, Middle Easterners, Report Says"
POLITICS,Satanists Declare They Are Religiously Exempt From Heartbeat Bill
POLITICS,Madeleine Albright Apologizes For Implying Female Bernie Supporters Will Go To Hell
POLITICS,Supreme Court Deals Blow To Puerto Rican Government -- And Gives Hope To Puerto Rico
POLITICS,Donald Trump Blasts Congressman Expected To Endorse Marco Rubio
POLITICS,Trump Vows To Bring Price Of Mexico Border Wall 'WAY DOWN!'
POLITICS,Kushner Family Reportedly Close To Getting Bailout For Flagship Tower
POLITICS,"Why A Free Press Really, Really Matters"
POLITICS,Student Loan Delinquencies Jump As Crisis Spreads
POLITICS,Federal Judge May Order Hillary Clinton To Testify In Ongoing Email Controversy
POLITICS,Syrian Diaspora: Jordan's Urban Refugees (PHOTOS)
POLITICS,Top U.S. Diplomat In China Quits Over Donald Trump's Climate Policy
POLITICS,A Prisoner Exchange that Could Improve Relations Between Cuba and the United States
POLITICS,Justice Department To Seek Death Penalty For Dylann Roof
POLITICS,California To Challenge Trump's Executive Order On Offshore Drilling
POLITICS,Martin O'Malley Fails To Make Ohio's Presidential Primary Ballot
POLITICS,Donald Trump's Vice Presidential Picking Process Sounds Dodgy As Hell
POLITICS,Democracy and the People's Climate March
POLITICS,Conservatives: Court nominee must be stopped at all costs
POLITICS,"Trump Announces Support For Arming Teachers, Backpedals On Gun Purchase Age"
POLITICS,"Jared Kushner Was 'Agitated, Infuriated' At Meeting With Russians Focused On Adoptions"
POLITICS,From Watts to Ferguson: Learning from Our Past
POLITICS,Ann Coulter Calls 'Grotesque' Donald Trump A Disappointment
POLITICS,"Donald Trump Continues To Back Paul Ryan Despite Conspicuous Tweet, His Chief Of Staff Says"
POLITICS,"Already Struggling, Farms Stand To Lose Under Trump Trade Agenda"
POLITICS,"Jeb Bush: Let's Focus On Helping The Christian Syrian Refugees, Rather Than The Muslims"
POLITICS,How Every American Knows What FBI Director Comey Did Was Wrong
POLITICS,Congressman Says New York City Gunman Got 'Raw Deal'
POLITICS,A Tale Fit For A John le Carré Novel (Only It Actually Happened)
POLITICS,Bureau Of Indian Affairs Director Resigns After Just 6 Months On The Job
POLITICS,Supreme Court Foreshadows Big Constitutional Ruling In Immigration Case
POLITICS,Bill Bratton Resigning As NYPD Commissioner
POLITICS,"Marco Rubio Is Still Backing Donald Trump, But Won't Say If Trump Will Keep The Country Safe"
POLITICS,Top GOP Senator Can't Say If He's Confident In Trump's Foreign Policy
POLITICS,PolitiFact's Lie Of The Year: Donald Trump And 'This Russia Thing'
POLITICS,Two Former Press Secretaries Have Some Advice For Sean Spicer
POLITICS,Read Donald Trump's New Executive Order On Immigration
POLITICS,Putin's Man: Donald Trump Is The Russian Candidate
POLITICS,2 Democratic Senators Say Neil Gorsuch Refused To Meet With Them
POLITICS,Conservative Group Raises Cash To Help GOP Senators Block Supreme Court Nominees
POLITICS,The Biggest Criminal Justice Experiment Is Taking Place In Maryland
POLITICS,Super PAC Ad Suggests Russ Feingold's Support For Iran Nuclear Deal Will Blow Up The World
POLITICS,"Hillary Clinton, Tea Party Candidate: A Magic Trick"
POLITICS,"Big Pharma Helped Cause The Opioid Epidemic, But United We Are Fighting Back"
POLITICS,Marco Rubio Suggests His Supreme Court Would Roll Back Marriage Equality
POLITICS,Dear President Trump: Breaking Up Banks Isn’t So Hard To Do
POLITICS,"After Years Of Cuts, Cities And States Are Hiring Again"
POLITICS,Photos Show Hillary Clinton And Donald Trump Making Their Final Campaign Stops
POLITICS,Democrats Push To Fold Planned Parenthood Panel After Shooting
POLITICS,El Paso Is Fighting To Reclaim The Border’s Soul
POLITICS,Senate Democrat: Preventing Veteran Suicide Is 'The Cost Of War'
POLITICS,Less Than A Third Of The Public Supports The GOP's New Health Care Bill
POLITICS,What The Rise Of Two Young Cuban-Americans Says About The GOP's Future
POLITICS,"After A Boy With Braided Hair Violated His Dress Code, His Mom Switched Schools"
POLITICS,"HealthCare.gov Is Ready For An Onslaught Of Shoppers, Obama Administration Promises"
POLITICS,Carly Fiorina Has Standout Performance In First GOP Debate
POLITICS,Donald Trump’s Temperament Could Explain His Abysmal Poll Numbers
POLITICS,"Dianne Feinstein Says Islamic State Stronger, Criticizes U.S. Approach"
POLITICS,Republicans Plan New Abortion Push
POLITICS,Congressman Changes Position On Abortion After Talking To Women
POLITICS,GOP Plots Ways To Fight FCC's Net Neutrality Rules
POLITICS,Donald Trump Shuffles Struggling Campaign Team
POLITICS,Trump’s ‘Pocahontas’ Attack Leaves Fellow Republicans Squirming (Again)
POLITICS,Bill Cassidy Responds To Jimmy Kimmel By Doubling Down On The Dishonesty
POLITICS,Donald Trump Is Exploiting LGBT People To Perpetuate Islamophobia
POLITICS,Voters Back Landmark Campaign Finance Reform In South Dakota
POLITICS,Roy Moore Follows Donald Trump Playbook On Allegations Of Sexual Misconduct
POLITICS,"No More Adult Conversations, Prayers Or Moments Of Silence"
POLITICS,People Are Literally Taking Donald Trump's Promises Literally
POLITICS,Daily Kos Asks Clinton And Sanders Supporters For Unity
POLITICS,"The Bob & Chez Show Podcast: Another Mass Shooting and Another Do-Nothing Congress, Plus the Next House Speaker Can't Speak"
POLITICS,"Marco Rubio Is Nobody's VP If He Fails In Florida, Donald Trump Says"
POLITICS,CIA's Brennan Says Tearing Up Iran Deal Would Be 'Folly'
POLITICS,Florida Moves To Arm Teachers After School Massacre
POLITICS,Arkansas Approves Law To Let People Carry Guns In Bars And At Public Colleges
POLITICS,What I Learned When I Moved to America
POLITICS,Huffington Post Reporter Arrested In Ferguson
POLITICS,County That Gutted The Voting Rights Act Won't Be Paid For Its Effort
POLITICS,"In Aftermath Of Northern California Fires, Schools Brace For Newly Homeless Students"
POLITICS,Trump Allies Reportedly Planning To Defend Trump Jr. By Digging Up Dirt On Reporters
POLITICS,Let Love Arise
POLITICS,GOP Leaders Offer To Make Obamacare Repeal Bill Slightly Less Awful
POLITICS,Lindsey Graham Threatens to Cut UN Funding and Derail Iran Negotiations
POLITICS,Democracy And Capitalism May Be Headed For Divorce
POLITICS,The Peoples' Business Isn't Business
POLITICS,Republican Legislator In Texas Admits He’s Pushing Private Prison Corporation’s Bill
POLITICS,Senate Democrats To Force GOP To Own Donald Trump's Extreme Policies
POLITICS,Obama Photographer Reminds America What Presidents Should Be 'Fighting' For
POLITICS,Sanders Rips Trump's Selection For HHS Secretary
POLITICS,Reminder: The Right-Wing Owes Us $25 Billion
POLITICS,Thursday's Morning Email: Inside Democrats' sit-in for gun control legislation
POLITICS,Woman Who Laughed At Jeff Sessions Could Face Jail Time This Week
POLITICS,"Birthers, Then and Now"
POLITICS,"State Parks Find New Ways To Save, Make Money"
POLITICS,The Best Thing For Jeb Bush Could Be Hillary Clinton
POLITICS,FBI Agents And The Internet Agree: The Feds Should Call Terrorism What It Is
POLITICS,Plan C: Third-Party Run A Daunting Task For GOP Establishment
POLITICS,"Border Patrol Agents Detain Teacher, Her Kids For Refusing To Claim Citizenship"
POLITICS,Mike Pence Makes The Best Of A Pretty Awkward Situation At The GOP Convention
POLITICS,Trump Speaks Out On North Korea Missile Launch
POLITICS,Rabid Anti-Muslim Ex-FBI Agent Is Training Texas Police
POLITICS,Texans Voting On Super Tuesday Have To Abide By A Racist Voter ID Law
POLITICS,Chris Christie Will Put On A Show No Matter How Dim His Prospects Are
POLITICS,HUFFPOLLSTER: Why Ted Cruz Could Win A Contested Convention
POLITICS,"Trump’s Attacks On Clinton Get Very, Very Personal"
POLITICS,"Good Girls Have Abortions, Too, NARAL Chief Tells DNC"
POLITICS,"In The Interest Of Transparency, Bill Maher Would Like Donald Trump's 'Dick Certificate'"
POLITICS,Federal Judge Orders Return Of Iranian National Deported Under Trump's Ban
POLITICS,Irony Alert: Donald Trump Made His Birther About-Face On Constitution Day
POLITICS,Just 2 Of Trump's 19 CEO Advisers Condemn Order Targeting Muslims Over Chaotic Weekend
POLITICS,Santorum Says Kids Only Like Sanders Because He Wants To Let Them Bern One
POLITICS,"Is Peace Coming to the Middle East?  Not So Fast, Says Lawrence Wright"
POLITICS,"Fathers Can't End Violence In A Day, But There Is No Better Day To Start."
POLITICS,"Paul LePage Calls Khizr Khan, Father Of Fallen Soldier, A 'Con Artist'"
POLITICS,Bernie Sanders Struggles To Defend Reparations Stance To Black Voters
POLITICS,"The Sunday Shows Ignored This Calamitous Global Warming Report, But 'SNL' Didn't"
POLITICS,Nearly 800 Former EPA Staffers Sign Letter Opposing Scott Pruitt
POLITICS,HUFFPOLLSTER: Most Republicans Think The Media Wants Trump To Fail
POLITICS,Trump Finally Speaks Out Against Domestic Violence In Wake Of Porter Scandal
POLITICS,Appeals Court Deals New Blow To Donald Trump's Travel Ban Targeting Muslims
POLITICS,States Work To Help People With Disabilities Find Work
POLITICS,Steven Mnuchin Sure Seemed To Enjoy The Eclipse He Claimed Not To Care About
POLITICS,Republicans Are Using An Arcane Tool To Handcuff Federal Agencies
POLITICS,Salman Al-Ansari: JASTA Will Foster A Fertile Ground For Extremism
POLITICS,Hillary Clinton Is The Most Sexually Harassed Woman In The Country Right Now
POLITICS,The Charlottesville I Know Is Not Defined By White Supremacists
POLITICS,Arizona Congresswoman Alleges Sexual Abuse By High School Coach
POLITICS,Utah Forces Doctors To Tell Women Some Abortions Are Reversible
POLITICS,"Clinton's New Formula For Trump: Sharp, Stately And A Heap Of Mockery"
POLITICS,Hispanic Caucus Fears DHS Head Will Turn A Blind Eye To Agents' Bad Conduct
POLITICS,Trump Nailed With FBI Voter Suppression Complaint By Democratic Coalition
POLITICS,'The Donald' Is Long Gone (And That's No Joke)
POLITICS,Bernie Sanders Wants Congress To Treat Big Pharma Like Big Tobacco
POLITICS,The TrumPutin Hack: They’re Trying To Take Over The World
POLITICS,"Anthony Scaramucci's Wife Filed For Divorce While Pregnant, Reports Say"
POLITICS,It’s Pointless To Try To Reason With The Alt-Right
POLITICS,South Carolina Democrat Slams GOP Opponent's Support For Social Security Cuts
POLITICS,"News Roundup for June 13, 2017"
POLITICS,The 'Trump Effect': Positive Attitudes Toward Arabs And Muslims Are Up; So Is Hate
POLITICS,Ben Carson On Oregon Murders: 'I Would Not Just Stand There And Let Him Shoot Me'
POLITICS,Part Of U.S. Capitol Closed Because Of Asbestos Incident
POLITICS,Months Of Trump-Russia Stories Have Changed Few Minds. Will The Emails?
POLITICS,Judge Who Sentenced Brock Turner To Face Recall In June
POLITICS,Bill Clinton: Sorry For The Drug War
POLITICS,U.S. Allies Take Moral Lead On Human Rights Where Trump Falls Short
POLITICS,Caring For Our Transgender Troops And The Negligible Cost Of Transition-Related Care
POLITICS,Hillary Clinton Is 'Inevitable' Again
POLITICS,"Donald Trump Must Give Testimony Under Oath In Restaurant Suit, Judge Rules"
POLITICS,Plunge In Wall Street Money Bolsters Populist Shift Among Democrats
POLITICS,Capito Elected As The First Female Senator From West Virginia
POLITICS,Sanders Delegate Protests Clinton Nomination With Middle Finger On Live TV
POLITICS,Chris Christie Faults Obama For Failing To Prevent Los Angeles Bomb Hoax
POLITICS,Trump Plans To Kill An Obama Regulation Protecting Restaurant Servers
POLITICS,Tweeters Take Hard Pass At RNC's Dinner And Photo With Donald Trump Prize
POLITICS,HuffPost Rise: What You Need To Know On June 29
POLITICS,The GOP Has A Wily Plan To Keep You From Learning About Trump's Cabinet Picks
POLITICS,This Utah Physician Hopes To Give Jason Chaffetz Some 'Strong Medicine' In 2018
POLITICS,Republican Tillis Wins North Carolina Senate Primary
POLITICS,"Rand Paul Now Just An Itinerant Prop Comic, Apparently"
POLITICS,Dreamer Living In Kentucky Detained For A Week Due To Error By Immigration Officers
POLITICS,Trump Vows To Stay In Race After Lewd Remarks Surface
POLITICS,Everything You Need To Know About Scott Pruitt's Condo
POLITICS,"While Obama Humanizes Undocumented Immigrants And Calls Them Americans, Trump Calls Them 'Vomit'"
POLITICS,His Job Went To Mexico And All He Got Was This Lousy Severance
POLITICS,New iPhone Locks Out The NSA
POLITICS,Only Two Presidents In Recent History Have Gained Approval During Their Time In Office
POLITICS,What On Earth Do You Have To Do To Be Kicked Out Of Politics?
POLITICS,Argentinian TV Station Trolls Donald Trump
POLITICS,Senate Dems Urge Donald Trump To Veto Bill Allowing Internet Providers To Sell Your Data
POLITICS,"Melania Trump's Meeting With Facebook, Twitter To Target Cyberbullying — And People Are Beside Themselves"
POLITICS,San Francisco Hippies Prepare To Make Canada Great Again If Donald Trump Wins
POLITICS,San Francisco Sues Trump Over Sanctuary City Order
POLITICS,EXCLUSIVE: These Are The Transgender Students Whom The Education Department Abandoned
POLITICS,Fired Walker Aide Explains Why Walker Bid Failed
POLITICS,Jeff Flake Says A Republican Should Challenge Trump For The Nomination In 2020
POLITICS,Scott Walker's Stunning Implosion: Can His Campaign Be Saved?
POLITICS,Who Is Brave Enough To Stand Up For America?
POLITICS,HuffPost Rise: What You Need To Know On February 16
POLITICS,The Empire Comes Home
POLITICS,Senate Passes Bill Letting 9/11 Victims' Families Sue Saudi Arabia
POLITICS,Jeff Flake Slams Trump’s Attacks On Press As Stalinist
POLITICS,Mark Udall vs. Cory Gardner Nonpartisan Candidate Guide for Colorado Senate Race 2014
POLITICS,Donald Trump's Campaign Chair Insists Everything Is Fine
POLITICS,Donald Trump And The Art Of Foreign-Policy Bluffing
POLITICS,Conservatives Find A Paul Ryan Workaround On Health Care: Donald Trump
POLITICS,"Gold Star Family Promised $25,000 By Trump Finally Receives Check In The Mail"
POLITICS,Watch Hillary Clinton Tease Donald Trump At Charity Dinner
POLITICS,American Mosques Are Actually A Great Deterrent Against Violent Extremism
POLITICS,Doubling Down On Dystopia
POLITICS,Trump Reportedly Wonders Why ‘Pretty Korean Lady’ Isn’t Handling North Korea For Him
POLITICS,Did Democrats Back The Wrong Candidate In Pennsylvania?
POLITICS,Safeguarding The Future Of Science
POLITICS,Mueller Ain't Going Away
POLITICS,Donald Trump Has Unlikely Allies In Fight To Keep Jobs From Leaving U.S.
POLITICS,Obama Says Bernie Sanders' Proposals Haven't Been Properly Vetted Yet
POLITICS,Washington Needs To Be Shaken Up So The Next Generation Of Americans Can Get A Fair Shake
POLITICS,Senate Intelligence Committee Backs Gina Haspel To Lead The CIA
POLITICS,Beltway Republicans Respond To Bannon's Return To Breitbart With Collective Yawn
POLITICS,Gun Proponents Aren't Interested In Facts Or Science
POLITICS,Charlottesville Mayor Blasts Trump's 'Repeated Failure' To Denounce White Supremacists
POLITICS,"David Petraeus: White House Is Wrong, Generals Are 'Fair Game' For Criticism"
POLITICS,"Try As He Might, Trump Struggles To Spin Government Spending Bill As A Victory"
POLITICS,President Trump Expected To Give Remarks On Syria
POLITICS,"With State Of The Union Guests, Democrats Send Trump A Message"
POLITICS,DOJ Admits It Isn't Legal To Keep Prosecuting Washington State Medical Marijuana Users
POLITICS,Marco Rubio Only Released Partial Tax Returns In The Past
POLITICS,8.8 Million People Enrolled In Obamacare Plans For 2018
POLITICS,Donald Trump Is 'Honoring' The Outdoors With Policies To Ruin It
POLITICS,HuffPost Rise: What You Need To Know On June 1
POLITICS,GOP Rep. Thomas Massie Says Trump Could Be A 'One-Term President' If Health Care Bill Passes
POLITICS,Flint Residents Come To Washington For Long-Awaited Confrontation With Rick Snyder
POLITICS,"Obama Moves To Protect Planned Parenthood Funding, Permanently"
POLITICS,The GOP Health Bill Is An Assault On People Of Color
POLITICS,On the Ground in Yemen
POLITICS,"Sanders, Clinton Call Out Trump For Failing To Correct Anti-Muslim Questioner"
POLITICS,Alabama Church Under Fire For Comparing Roy Moore To Jesus
POLITICS,Future of WTO Negotiations Hangs in the Balance at G20 Trade Ministers' Meeting
POLITICS,"Congress Bucks Obama, Passes Bill Letting 9/11 Victims Sue Saudi Arabia"
POLITICS,Do Good Walls Make Good Neighbors?
POLITICS,GOP Candidate Set Up Trust That Pays His Kids For Marrying White People
POLITICS,Nevada Charges Ex-Prison Guard With Manslaughter For Shooting And Killing Handcuffed Inmate
POLITICS,Senate Election Overview
POLITICS,Why People Are Still Protesting In St. Louis
POLITICS,"Our Republic, My Republic"
POLITICS,Remove Him Now
POLITICS,Insurance Executive Blasts GOP Health Care Proposal: 'This Bill Is Terrible'
POLITICS,Sanders Campaign Calls Clinton Immigration Criticism 'Totally Hypocritical'
POLITICS,"Trump Vows To Back Out Of The Trans-Pacific Partnership, Effectively Killing It"
POLITICS,"Net Neutrality Gets To Live Another Day, As Court Won't Rehear Case Against It"
POLITICS,Trump Has Shown Receptiveness To Obama's Agenda. Does He Actually Mean It?
POLITICS,Bernie Sanders Has A Plan To Back Up A Major Trump Campaign Promise
POLITICS,"Neil Gorsuch Is Neither Republican Nor Democrat, Says Chief Justice Roberts"
POLITICS,Judge Rules Utah Must Recognize Same Sex Parents On Child's Birth Certificate
POLITICS,Rick Snyder Aides Urged Moving Flint Back To Detroit Water System: Report
POLITICS,Republicans Downplay Donald Trump Jr. Email Scandal
POLITICS,Don't Freak Out Over The Poll Showing Trump Leading Clinton In Ohio
POLITICS,"Obama Reminds Us That Pilgrims Were Refugees Once, Too"
POLITICS,We Have A Climate Deal. Now What?
POLITICS,Watch Marco Rubio Give The Same Canned Answer 3 Times In A Row
POLITICS,Black Infant Deaths Point to Flaw in U.S. Health Care System
POLITICS,"Eric Garner's Daughter, An Advocate Against Police Brutality, Is In A Coma"
POLITICS,What Is Islam's Oldest Religious Institution Afraid Of?
POLITICS,Jeffrey Toobin Defends His Visceral Response To Trump Firing Comey
POLITICS,Cable News Networks Are Trump's Greatest Suckers
POLITICS,George W. Bush Dances Up A Storm At His Nephew's Wedding
POLITICS,Marco Rubio's Struggle To Be More Than A Talking Point Machine
POLITICS,Parkland Survivor To Melania Trump: Stop Donald Trump Jr. From Cyberbullying Me
POLITICS,Trump Cites Facebook Executive In 'Fake News' Twitter Rant Over Russian Indictments
POLITICS,A Crooked Wall Street Billionaire Is Crafting Trumponomics
POLITICS,Trump Can't Simply Delete An Islamophobic Campaign
POLITICS,To Poll Or Not To Poll On Gary Johnson: There's No Good Answer
POLITICS,Republicans Are Scrambling To Save An Arizona House Seat In GOP Territory
POLITICS,Supreme Court Declines To Put Gay Marriage On Hold In South Carolina
POLITICS,"Trump’s Health Care Tantrum Will Cost Some Families Upwards Of $5,000 Per Year"
POLITICS,Bernie Sanders Has A Message For His Loudest Supporters
POLITICS,"Potential Secretary Of State Pick Cozies Up To Russia, Says 'We Don't Need China'"
POLITICS,Why Is Donald Trump Sticking By Michael Flynn?
POLITICS,Obama: Keeping Democratic Control Of The Senate Matters
POLITICS,Trump To Announce Decision On Global Climate Deal On Thursday
POLITICS,Praying In The Apocalypse
POLITICS,Ted Cruz May Get The Last Laugh If Donald Trump Implodes
POLITICS,Ted Cruz Applauds Iowa Couple Who Refused To Host A Same-Sex Wedding
POLITICS,Obama Laid The Groundwork For Sexual Assault Survivors To Speak Up
POLITICS,Immigration Officials To Launch Large-Scale Deportation Raids
POLITICS,"Clinton Camp Says Michigan Is Safe For Her, But Acts Like It’s Not"
POLITICS,Uber Recruits Former Obama Aide To Lead Fight Against Regulation
POLITICS,Democrats Just Flipped Seats In 2 Districts That Voted For Donald Trump
POLITICS,Child Calls Out Nigel Farage Over His Immigration Stance On Live British TV
POLITICS,The Fight To Overturn Citizens United: What Happens Now?
POLITICS,Jeb Bush's Comeback Strategy Backfires At GOP Debate
POLITICS,Poll Shows Many Americans Agree With Hillary Clinton That Women And Men Should Be Paid The Same
POLITICS,Neil deGrasse Tyson Reveals Humorous Plan To Grab Donald Trump's Attention
POLITICS,Big Soda Spends Millions On 'Unethical' San Francisco Area Ads Fighting Drink Taxes
POLITICS,The Final Solution: Caveat Emptor
POLITICS,Maxine Waters To Respond To Donald Trump's State Of The Union Speech
POLITICS,FCC Chief Tom Wheeler Suggests That He Will Back Strict Net Neutrality Rules
POLITICS,Senate Looks Poised To Pass Major Overhaul Of Chemical Safety Law
POLITICS,Trail To The Chief: Meet Hillary's Team
POLITICS,Reaction To Comey’s Testimony Shows Confirmation Bias
POLITICS,Bernie Sanders Will Introduce Legislation To End Private Prisons
TECH,"Ice Cream Sandwich Updates: HTC Rezound And Nexus S Get Android 4.0, Motorola Razr And Razr MAXX Delayed"
TECH,This Might Be The First Video Of The iPhone 7
TECH,"Look Out, Elon Musk: Jeff Bezos Is Going To Space, Too"
TECH,Federal Election Commission Shows How To Disclose Data In A Digital Democracy
TECH,"Facebook, Google And Others Face Growing Pressure To Restrict Speech Online"
TECH,Top 9 Toughest Tech Gadgets (PHOTOS)
TECH,Reminder: The FBI Doesn't Just Want To Get Inside One Single iPhone
TECH,Twitter Plans To Go Beyond Its 140-Character Limit
TECH,Proof That Apple Watch Owners Are Desperate To Convert You To Their Side
TECH,Amazon's Got A Few New Tricks To Make Your Home 'Smarter'
TECH,Facebook Safety Check For Pakistan Bombing Accidentally Goes Worldwide
TECH,7 Surprising Household Items That Invade Your Privacy
TECH,"Twitter Kills Vine, Hates Fun"
TECH,Kentucky Tornado Victims Flock To Facebook For Helping Hand
TECH,Microsoft's Windows 10 Is Now Running On 200 Million Devices
TECH,Magic Printer Produces Its Own Paper
TECH,ABC iPad Factory Tour: 'Nightline' Teases Glimpse Into Foxconn Facility (VIDEO)
TECH,Robert Doisneau Google Doodle Pays Homage To French Street Photographer (VIDEO)
TECH,Android 'Stagefright' Bug Leaves Up To 950 Million Devices At Risk
TECH,The Terrible Truth About How Your Gadgets Die
TECH,Twitter Forms A 'Trust And Safety Council' To Battle Abuse
TECH,OU Kosher: Orthodox Union Releases App For Keeping Kosher During Passover And Beyond
TECH,Yahoo Boss Marissa Mayer Gives Birth To Identical Twin Girls
TECH,When Is It Okay To Mine Hacked Emails?
TECH,Minecraft Launches A Virtual Reality Edition
TECH,Twitter Warns Users To Change All Their Passwords After Finding Bug
TECH,Bill Gates Sounds Skeptical Of Zuckerberg's WhatsApp Deal: 'I Hope It Works Out For Him'
TECH,Reddit CEO Admits To Editing User Comments That Criticized Him
TECH,Apple-Samsung Lawsuit: Apple Targets 4 Additional Products
TECH,"Surface Pro Battery Life: With 'Approximately Half' The Power Of Surface RT, It Sounds Truly Terrible"
TECH,Your Data for Black Friday and Cyber Monday Deals
TECH,Google Glass May Be The Future Of The Porn Industry
TECH,The Dark Side Of The Digital Age
TECH,Google Maps For iPhone: 7 Tips And Tricks You Didn't Know Were Possible
TECH,Surprising Number Of Americans Would Chop Off A Finger To Stay Online
TECH,Ants and Stars
TECH,"Privacy Suit Filed Against Path, Twitter, Apple, Facebook, Others"
TECH,Kansas City Man Predicts ESurance Super Bowl Commercial Winner Before Announcement
TECH,The Digital (Gender) Divide: Women Are More Likely Than Men To Have A Blog (and A Facebook Profile)
TECH,WATCH: The Major Problem With Dating Apps
TECH,Hacked Companies Fight Back With A Controversial Move: Retaliation
TECH,"Facebook Pays Kid $10,000 For Discovering Major Instagram Bug"
