,category,headline
0,ENTERTAINMENT,still even gilmore girl revival
1,ENTERTAINMENT,shine adaptation may origin story
2,ENTERTAINMENT,feud go right ariana
3,ENTERTAINMENT,share frightening slow motion video ankle breaking stunt
4,ENTERTAINMENT,feast eye beautiful office reunion
5,ENTERTAINMENT,private struggle year escape horror
6,ENTERTAINMENT,singer pink ecstatic eagle play game
7,ENTERTAINMENT,family slam
8,ENTERTAINMENT,ask prayer remain hospitalize coma
9,ENTERTAINMENT,explain exit lifetime
10,ENTERTAINMENT,pretty little liar march crime
11,ENTERTAINMENT,exclusive interview rock city grow poor
12,ENTERTAINMENT,watch perfect audition
13,ENTERTAINMENT,demand fan wheelchair stand
14,ENTERTAINMENT,parent battle addiction face difficult decision
15,ENTERTAINMENT,finally hit
16,ENTERTAINMENT,declare public way
17,ENTERTAINMENT,respond fan want
18,ENTERTAINMENT,chance chance weatherman
19,ENTERTAINMENT,westworld open sequence may hint mother theory
20,ENTERTAINMENT,confirm body check bodyguard
21,ENTERTAINMENT,racial twist
22,ENTERTAINMENT,trick thinking kill scandal
23,ENTERTAINMENT,fall toole good film
24,ENTERTAINMENT,date game mating game
25,ENTERTAINMENT,already begin thank
26,ENTERTAINMENT,taylor_swift cover vanity talk girl
27,ENTERTAINMENT,nominate movie popular general public say poll
28,ENTERTAINMENT,death memory star
29,ENTERTAINMENT,dress dem baby adorable lamb costume
30,ENTERTAINMENT,reportedly run car filming
31,ENTERTAINMENT,new movie ponder success cruise
32,ENTERTAINMENT,
33,ENTERTAINMENT,formal response sexist doctor complaint satisfy
34,ENTERTAINMENT,turn part boycott
35,ENTERTAINMENT,end live host rumor
36,ENTERTAINMENT,debut pop shop
37,ENTERTAINMENT,vii talk
38,ENTERTAINMENT,take early lead
39,ENTERTAINMENT,experience good selling album far move whopping unit
40,ENTERTAINMENT,
41,ENTERTAINMENT,big
42,ENTERTAINMENT,reveal honor manchester attack
43,ENTERTAINMENT,first look fourfivesecond music video
44,ENTERTAINMENT,release first trailer good dinosaur
45,ENTERTAINMENT,star begin trailer
46,ENTERTAINMENT,demand international phone line
47,ENTERTAINMENT,actor want dream loud
48,ENTERTAINMENT,worry freak show may scary
49,ENTERTAINMENT,new fall bonker surf scene
50,ENTERTAINMENT,man
51,ENTERTAINMENT,trump pizza rat top costume
52,ENTERTAINMENT,dead cervical cancer age
53,ENTERTAINMENT,tell audition story
54,ENTERTAINMENT,meet speak
55,ENTERTAINMENT,lose generation
56,ENTERTAINMENT,sexual assault case
57,ENTERTAINMENT,people strong reaction barack portrait
58,ENTERTAINMENT,hire look alike go spider man
59,ENTERTAINMENT,allegation let go
60,ENTERTAINMENT,listen beyonce sing year old
61,ENTERTAINMENT,leave tip gift ticket waffle house
62,ENTERTAINMENT,recent female duos actually lead true detective
63,ENTERTAINMENT,lot cool story wisdom share
64,ENTERTAINMENT,hilariously mock diversity problem emmys
65,ENTERTAINMENT,win big boycotting
66,ENTERTAINMENT,explain mom become weed dealer
67,ENTERTAINMENT,announce half documentary line
68,ENTERTAINMENT,wnyc new podcast take
69,ENTERTAINMENT,honor touch cover sometimes snow
70,ENTERTAINMENT,make heart melt
71,ENTERTAINMENT,call threesome rihanna
72,ENTERTAINMENT,
73,ENTERTAINMENT,next wow little white dress
74,ENTERTAINMENT,late game throne rumor biggest
75,ENTERTAINMENT,run would destroy
76,ENTERTAINMENT,release acoustic version big hit
77,ENTERTAINMENT,actor reg dead
78,ENTERTAINMENT,woman share story sexual assault help identify
79,ENTERTAINMENT,speech
80,ENTERTAINMENT,moment make crack time
81,ENTERTAINMENT,slow staffing
82,ENTERTAINMENT,confuse know
83,ENTERTAINMENT,mend reportedly pregnant second child
84,ENTERTAINMENT,mission impossible get title bonker
85,ENTERTAINMENT,actual good album
86,ENTERTAINMENT,present throwback photo end throwback photo
87,ENTERTAINMENT,well bad
88,ENTERTAINMENT,create reality find famous birth dad share first piece story
89,ENTERTAINMENT,surely signal new revelation jack
90,ENTERTAINMENT,shake outtake prove taylor_swift hate run
91,ENTERTAINMENT,
92,ENTERTAINMENT,
93,ENTERTAINMENT,watch
94,ENTERTAINMENT,give birth baby girl age
95,ENTERTAINMENT,believe buy
96,ENTERTAINMENT,chart cute
97,ENTERTAINMENT,see light
98,ENTERTAINMENT,trailer movie
99,ENTERTAINMENT,son cover people magazine
100,ENTERTAINMENT,beauty beast rule office record break debut
101,ENTERTAINMENT,reportedly still critical waking coma
102,ENTERTAINMENT,strange man propose chvrche singer immediately shut
103,ENTERTAINMENT,sue
104,ENTERTAINMENT,woman propose gosle directorial debut
105,ENTERTAINMENT,award red carpet
106,ENTERTAINMENT,bloom plant
107,ENTERTAINMENT,finally explain lick tyrion mask
108,ENTERTAINMENT,insert narrative
109,ENTERTAINMENT,pregnant
110,ENTERTAINMENT,tell nude pic
111,ENTERTAINMENT,perform first standup routine deadly car crash
112,ENTERTAINMENT,never think life would become tabloid story
113,ENTERTAINMENT,finally get confront snow return
114,ENTERTAINMENT,movie channel probably glorious mess
115,ENTERTAINMENT,channe tatum open struggle
116,ENTERTAINMENT,want know shade worth time money
117,ENTERTAINMENT,young guy look
118,ENTERTAINMENT,praise spinoff reportedly work
119,ENTERTAINMENT,trailer send toothless adventure
120,ENTERTAINMENT,fan new song
121,ENTERTAINMENT,unfulfilled promise unbroken movie
122,ENTERTAINMENT,spill war
123,ENTERTAINMENT,handle season trailer
124,ENTERTAINMENT,big celebrity fail
125,ENTERTAINMENT,immigrant power player author
126,ENTERTAINMENT,start controversy painting look sander
127,ENTERTAINMENT,people really like real friend really
128,ENTERTAINMENT,get cast movie write pretty little liar
129,ENTERTAINMENT,surveillance really prevent terrorism
130,ENTERTAINMENT,ask say
131,ENTERTAINMENT,oscar wine hand
132,ENTERTAINMENT,golden globe
133,ENTERTAINMENT,reason brother commit suicide
134,ENTERTAINMENT,finally fix ending
135,ENTERTAINMENT,way number album
136,ENTERTAINMENT,save slaughterhouse
137,ENTERTAINMENT,golden globe red carpet
138,ENTERTAINMENT,tell go
139,ENTERTAINMENT,character sound lot may come
140,ENTERTAINMENT,go baby go actor dead drown incident
141,ENTERTAINMENT,trailer hope
142,ENTERTAINMENT,front
143,ENTERTAINMENT,sexual assault survivor bear worthy
144,ENTERTAINMENT,coogler direct marvel black panther
145,ENTERTAINMENT,singer distance disney
146,ENTERTAINMENT,screenwriter offer tantalizing plot hint
147,ENTERTAINMENT,hawkeye get match tattoo
148,ENTERTAINMENT,teacher idea
149,ENTERTAINMENT,husband
150,ENTERTAINMENT,react theater shooting trainwreck
151,ENTERTAINMENT,play hero ken sharp great collection rock interview time could
152,ENTERTAINMENT,praise
153,ENTERTAINMENT,talent drop allegation
154,ENTERTAINMENT,predictably top
155,ENTERTAINMENT,bust face lift
156,ENTERTAINMENT,tell degenere curse day day
157,ENTERTAINMENT,sparkle judge perform man new movie preview video
158,ENTERTAINMENT,tell man respect woman send
159,ENTERTAINMENT,tell dye blond
160,ENTERTAINMENT,real life sue
161,ENTERTAINMENT,pretty little liar cast get match ink celebrate freedom plot hole red herring
162,ENTERTAINMENT,actor stier die
163,ENTERTAINMENT,arrest
164,ENTERTAINMENT,
165,ENTERTAINMENT,yet lawsuit
166,ENTERTAINMENT,fresh
167,ENTERTAINMENT,apparently date
168,ENTERTAINMENT,stud
169,ENTERTAINMENT,earn
170,ENTERTAINMENT,smulder go topless new cover
171,ENTERTAINMENT,night grip reminder lgbtq issue spoiler
172,ENTERTAINMENT,costume pretty incredible
173,ENTERTAINMENT,suit prove
174,ENTERTAINMENT,look little pony blue hair
175,ENTERTAINMENT,scary movie trailer new release upcoming movie
176,ENTERTAINMENT,time feel weird uncomfortable stodden
177,ENTERTAINMENT,extended godzilla trailer prove idea come
178,ENTERTAINMENT,pay homage varsity blue whip cream bikini
179,ENTERTAINMENT,perfect
180,ENTERTAINMENT,pay take easy cover
181,ENTERTAINMENT,ornament
182,ENTERTAINMENT,good movie
183,ENTERTAINMENT,daughter get super sweet special
184,ENTERTAINMENT,find good
185,ENTERTAINMENT,hire top lawyer follow scandal
186,ENTERTAINMENT,please see light clip
187,ENTERTAINMENT,share adorable set full house
188,ENTERTAINMENT,thank netflix stranger thing
189,ENTERTAINMENT,late single prof still twitter agree
190,ENTERTAINMENT,reality tv fan conflict new celebrity apprentice due trump credit
191,ENTERTAINMENT,
192,ENTERTAINMENT,transparent give fan window musical could
193,ENTERTAINMENT,new black character land prison
194,ENTERTAINMENT,grown man blame addiction mom
195,ENTERTAINMENT,look new aunt may spider man
196,ENTERTAINMENT,go man despicable minion
197,ENTERTAINMENT,taylor_swift together magical hogwart
198,ENTERTAINMENT,glorious year night light reunion give feel
199,ENTERTAINMENT,joke adventure promo
200,ENTERTAINMENT,hedge real life
201,ENTERTAINMENT,future cool mom rachel mcadam reportedly pregnant
202,ENTERTAINMENT,act kill name sight sound good film
203,ENTERTAINMENT,child adorable little angel
204,ENTERTAINMENT,edit issue cover
205,ENTERTAINMENT,movie double quick time
206,ENTERTAINMENT,deny role
207,ENTERTAINMENT,turn today good film
208,ENTERTAINMENT,accuse sexual harassment
209,ENTERTAINMENT,top preposterous scene desolation smaug
210,ENTERTAINMENT,crazy adorable
211,ENTERTAINMENT,day viewer
212,ENTERTAINMENT,already talk season
213,ENTERTAINMENT,people misbehave
214,ENTERTAINMENT,possible dancin kitchen
215,ENTERTAINMENT,defend say prove
216,ENTERTAINMENT,
217,ENTERTAINMENT,exclusive bet respond come fire journalist publicist
218,ENTERTAINMENT,leak game photo show look huge battle
219,ENTERTAINMENT,johnny officially
220,ENTERTAINMENT,open film festival
221,ENTERTAINMENT,new special look kind emotional
222,ENTERTAINMENT,gracious vow face
223,ENTERTAINMENT,show
224,ENTERTAINMENT,cruise hang
225,ENTERTAINMENT,new give reason
226,ENTERTAINMENT,put mark big return billboard chart
227,ENTERTAINMENT,go run president
228,ENTERTAINMENT,elephant man dead
229,ENTERTAINMENT,fan theory claim joker already reveal
230,ENTERTAINMENT,great grandmother emotional
231,ENTERTAINMENT,unsolved tupac notorious murder focus new true crime series
232,ENTERTAINMENT,announce
233,ENTERTAINMENT,hospitalize stage performance
234,ENTERTAINMENT,parent twin selfie
235,ENTERTAINMENT,cast rugrat would look parent
236,ENTERTAINMENT,poster upcoming disney pixar favorite
237,ENTERTAINMENT,pretend
238,ENTERTAINMENT,public supremacist
239,ENTERTAINMENT,break free epic vma performance
240,ENTERTAINMENT,actually fine use music
241,ENTERTAINMENT,new show miss
242,ENTERTAINMENT,dolly speech reason always love
243,ENTERTAINMENT,year
244,ENTERTAINMENT,turn sobering documentary
245,ENTERTAINMENT,sign save day exclusive spy
246,ENTERTAINMENT,trailer wishlist vii thing hope see
247,ENTERTAINMENT,pal trainspotte trailer
248,ENTERTAINMENT,lyric make love even
249,ENTERTAINMENT,big boi announce new record deal
250,ENTERTAINMENT,walk dead fan freak shocking premiere
251,ENTERTAINMENT,documentary
252,ENTERTAINMENT,know stunning new love interest affair
253,ENTERTAINMENT,harambe
254,ENTERTAINMENT,pitbull tasteless memorial tweet bring together
255,ENTERTAINMENT,new track
256,ENTERTAINMENT,respond tidal criticism twitter
257,ENTERTAINMENT,reason megyn
258,ENTERTAINMENT,go makeup free snapchat north
259,ENTERTAINMENT,wear see front slit dress ama
260,ENTERTAINMENT,friend take photo
261,ENTERTAINMENT,black president
262,ENTERTAINMENT,daily show explain hack election well ever could
263,ENTERTAINMENT,get first second season
264,ENTERTAINMENT,problem
265,ENTERTAINMENT,british spy battle stop secret leak
266,ENTERTAINMENT,really like impersonate apparently
267,ENTERTAINMENT,taylor_swift duet lavigne wonderfully complicated
268,ENTERTAINMENT,could well way pop band
269,ENTERTAINMENT,woody really hope keep wink woman woman beg
270,ENTERTAINMENT,shoot heart
271,ENTERTAINMENT,watch amazing music video
272,ENTERTAINMENT,return
273,ENTERTAINMENT,may star come call
274,ENTERTAINMENT,enemy hunger game get
275,ENTERTAINMENT,would sad say goodbye new girl
276,ENTERTAINMENT,shade
277,ENTERTAINMENT,revoking right golden
278,ENTERTAINMENT,man reboot make good one care
279,ENTERTAINMENT,river notably leave oscar segment
280,ENTERTAINMENT,seal team romney soundbite cut version exclusive video
281,ENTERTAINMENT,linger
282,ENTERTAINMENT,budget proposal
283,ENTERTAINMENT,violinist continue defy ridiculous music category
284,ENTERTAINMENT,hook taylor_swift
285,ENTERTAINMENT,musically schizophrenic genius
286,ENTERTAINMENT,talk true blood female director shoot sex scene
287,ENTERTAINMENT,look money video celebrate wealth
288,ENTERTAINMENT,taylor_swift stalker break singer home take nap
289,ENTERTAINMENT,lemonade like
290,ENTERTAINMENT,birthday fire studio session
291,ENTERTAINMENT,finally get pay much male westworld costar
292,ENTERTAINMENT,get enough hilarious meme comparing goat
293,ENTERTAINMENT,fumble fashion police
294,ENTERTAINMENT,new rumor suggest superman may die superman
295,ENTERTAINMENT,son adorable
296,ENTERTAINMENT,use elaborate nondisclosure agreement silence accuser
297,ENTERTAINMENT,man apocalypse leak intense
298,ENTERTAINMENT,major
299,ENTERTAINMENT,fast netflix
300,ENTERTAINMENT,hudgen gregory hudgen die
301,ENTERTAINMENT,reunite birthday fierce
302,ENTERTAINMENT,explain absence
303,ENTERTAINMENT,war fan terrific cause
304,ENTERTAINMENT,say
305,ENTERTAINMENT,infinity music award
306,ENTERTAINMENT,walk dead spoil cliffhanger new photo
307,ENTERTAINMENT,take daily show host
308,ENTERTAINMENT,honor memory movie watch
309,ENTERTAINMENT,share photo melt heart
310,ENTERTAINMENT,sneak
311,ENTERTAINMENT,win unexpected golden globe
312,ENTERTAINMENT,reveal
313,ENTERTAINMENT,really bad particularly good thought rihanna
314,ENTERTAINMENT,trailer worth wait
315,ENTERTAINMENT,reunite hunger strike
316,ENTERTAINMENT,degenere
317,ENTERTAINMENT,randomly lick donut buy proclaim
318,ENTERTAINMENT,taylor_swift shake adorable year old
319,ENTERTAINMENT,bridge racial divide
320,ENTERTAINMENT,project empire
321,POLITICS,still grant daca angering supporter
322,POLITICS,year set back anywhere year decade
323,POLITICS,say pipeline spill small initially report update
324,POLITICS,sex marriage advocate still fight change mind
325,POLITICS,trump claim could shoot lose voter
326,POLITICS,opposition minimum wage make sense
327,POLITICS,drop death penalty option mass murder case taint misconduct
328,POLITICS,provocative police tactic inflame protest expert find
329,POLITICS,show slide criminal name
330,POLITICS,compassionate conservatism roar back surprise
331,POLITICS,war child
332,POLITICS,reince priebus denounce trump indefensible comment woman
333,POLITICS,idea stand campaign finance reform
334,POLITICS,good way explain climate
335,POLITICS,kid learn public service
336,POLITICS,timing move unfair ethic
337,POLITICS,conservative machine put
338,POLITICS,never trump necessarily mean
339,POLITICS,pass defense help partner ignore new war
340,POLITICS,
341,POLITICS,campaign inherit wealth
342,POLITICS,
343,POLITICS,vote situation much serious
344,POLITICS,mourner pay respect
345,POLITICS,government watchdog may well hope keep trump administration check
346,POLITICS,aim influence new order
347,POLITICS,claim victory update
348,POLITICS,literal shock inspire former democratic socialist
349,POLITICS,pay sexual abuse victim
350,POLITICS,lawmaker break ignore strongly word letter write strongly word letter
351,POLITICS,judge speed deportation
352,POLITICS,correction could change shut
353,POLITICS,congressman realize demean woman district maybe good idea
354,POLITICS,approve
355,POLITICS,building need
356,POLITICS,could become disaster hit inauguration
357,POLITICS,cut build border wall
358,POLITICS,stop corporate welfare king tax escapee
359,POLITICS,next theresa may follow stunning election upset
360,POLITICS,young member
361,POLITICS,celebrate news climate
362,POLITICS,snow hard
363,POLITICS,long trump wait release new travel ban less may fly court
364,POLITICS,describe unplugged state department job
365,POLITICS,nominee get sweetheart deal foreign firm
366,POLITICS,trump labor pick oppose significantly raise minimum wage
367,POLITICS,penny trump literally fill anti abortion leader
368,POLITICS,lawyer insist trump consider firing mueller
369,POLITICS,call trump disaster relief budget
370,POLITICS,trump outgoing economic adviser globalist still
371,POLITICS,prepare wither attack
372,POLITICS,support pay price progressive group warn
373,POLITICS,state pay patient colonoscopy save million
374,POLITICS,big negative gdp revision
375,POLITICS,consider ban electronic flight european airport
376,POLITICS,really hope stop say racist thing judge
377,POLITICS,speak law
378,POLITICS,use death call strict immigration
379,POLITICS,need connect dot bombshell
380,POLITICS,water crisis cause failure level government
381,POLITICS,never say profile
382,POLITICS,elect speaker
383,POLITICS,city fine thank much
384,POLITICS,election find woman make history man make uncomfortable
385,POLITICS,come wake parallel universe
386,POLITICS,next union
387,POLITICS,defend plan parenthood ste video
388,POLITICS,get vote
389,POLITICS,declare independence forever war
390,POLITICS,liberal establishment suddenly sound ambitious health_care
391,POLITICS,college conservative disdain activist
392,POLITICS,give guidance new school law
393,POLITICS,capture attack
394,POLITICS,closed door contact
395,POLITICS,schock spending scandal spur house review member expense
396,POLITICS,trump new travel ban could hinder research mental health
397,POLITICS,criticize fake medium
398,POLITICS,shoulder deep cut
399,POLITICS,seat get pretty ugly
400,POLITICS,feel vote crime bill
401,POLITICS,online interest gorilla eclipse interest
402,POLITICS,give little debate late
403,POLITICS,precaution base evidence base
404,POLITICS,call exercise fundamental moral leadership reject
405,POLITICS,sink
406,POLITICS,stand
407,POLITICS,meet progressive group ahead loom government shutdown
408,POLITICS,morning newsbrief
409,POLITICS,energy weak
410,POLITICS,bathroom bill
411,POLITICS,tweeter
412,POLITICS,say give salute trump rally
413,POLITICS,demonize muslim people
414,POLITICS,administration tie
415,POLITICS,bend constitution favor cop
416,POLITICS,admit make change mind
417,POLITICS,biden political water mull
418,POLITICS,former campaign entertainment
419,POLITICS,sander supporter say back trump
420,POLITICS,well country
421,POLITICS,show airline give free market
422,POLITICS,warrior could learn art war
423,POLITICS,trickle nonsense explore
424,POLITICS,back key gun right rule law land
425,POLITICS,appear open strike gerrymander map
426,POLITICS,
427,POLITICS,easy way improve test score study
428,POLITICS,puerto teacher face hurdle mainland
429,POLITICS,hispanic official leave
430,POLITICS,
431,POLITICS,go trump
432,POLITICS,stop invasion
433,POLITICS,rip awful legacy last year later say refer
434,POLITICS,dismiss comment blame election loss
435,POLITICS,official target black voter registration drive technicality
436,POLITICS,uninsured rate rise
437,POLITICS,allow condemn israeli settlement pass
438,POLITICS,financial adviser work
439,POLITICS,criminal justice reform may thing last year
440,POLITICS,still think bear
441,POLITICS,instance blatant fearmongering
442,POLITICS,set lose control
443,POLITICS,wish great good politic
444,POLITICS,standoff lapse violence
445,POLITICS,ask seize terrorist
446,POLITICS,reach
447,POLITICS,candidate run move
448,POLITICS,
449,POLITICS,share unlikely friendly moment twitter
450,POLITICS,pave state force recipient work
451,POLITICS,intervention
452,POLITICS,toll exceed
453,POLITICS,friendly
454,POLITICS,protection keep kid alive
455,POLITICS,senior force poverty education demand payment
456,POLITICS,speak
457,POLITICS,may
458,POLITICS,veteran get easy path reunite family
459,POLITICS,
460,POLITICS,throw talk meeting break elephant
461,POLITICS,trump voter write try bring back dark side part
462,POLITICS,vote
463,POLITICS,save office
464,POLITICS,keep trucking state streamline food truck license
465,POLITICS,go away
466,POLITICS,end immigration protection
467,POLITICS,call committee gun violence
468,POLITICS,shtick get old
469,POLITICS,propose drone regulation complicate delivery plan
470,POLITICS,show director forbid get cozy president
471,POLITICS,sue strike congressional map
472,POLITICS,say would distraction debate
473,POLITICS,join live memory
474,POLITICS,school refuse allow student fail
475,POLITICS,want use funding bill keep trucker road long
476,POLITICS,finally get love
477,POLITICS,think sex assault claim trump even true
478,POLITICS,randomly bring question
479,POLITICS,defend say want homogenous
480,POLITICS,release fossil fuel email
481,POLITICS,join debate coverage
482,POLITICS,apply research tax dollar
483,POLITICS,new bill make sue cop civil right violation really tough
484,POLITICS,female president color
485,POLITICS,government fail reach spending agreement
486,POLITICS,call recall
487,POLITICS,lawmaker target porn use poor science
488,POLITICS,shut campaign
489,POLITICS,confident jury grandest
490,POLITICS,age political comity put day
491,POLITICS,celebrity urge elector deny trump electoral college win
492,POLITICS,uncertain future
493,POLITICS,say way hold
494,POLITICS,voter deserve fair map time end gerrymandering
495,POLITICS,new year resolution count
496,POLITICS,shake hand passenger flight
497,POLITICS,agency oust federal worker
498,POLITICS,concern author want release
499,POLITICS,alive well
500,POLITICS,compassion vulnerable
501,POLITICS,sue police allegedly deprive gun right
502,POLITICS,quit haunt
503,POLITICS,state poll miss white working class area
504,POLITICS,small town hood burn
505,POLITICS,today last day file claim nearly bogus summons
506,POLITICS,stake election get much much high
507,POLITICS,good pay job woman issue
508,POLITICS,say peace tough deal
509,POLITICS,element success smart investment result good start family
510,POLITICS,still time strengthen american dream
511,POLITICS,solid put
512,POLITICS,change political climate
513,POLITICS,democratic candidate hang neck opponent
514,POLITICS,agree pull troop
515,POLITICS,new program seek make campaign diverse voter
516,POLITICS,hard abusive prison guard
517,POLITICS,dedicate empty speech abort baby
518,POLITICS,say
519,POLITICS,may awkward candidate
520,POLITICS,reportedly warn campaign
521,POLITICS,split trump say memo
522,POLITICS,check scene second dem debate
523,POLITICS,could win lose
524,POLITICS,supreme_court side pregnant worker
525,POLITICS,help support white supremacist movement
526,POLITICS,call lead probe slam trump credibility
527,POLITICS,may happen term close case
528,POLITICS,feud democratic establishment
529,POLITICS,prevention bill case fail raise debt ceiling
530,POLITICS,stand
531,POLITICS,much pollster really get pay
532,POLITICS,may made huge mistake time
533,POLITICS,trump claim
534,POLITICS,drive less still build highway
535,POLITICS,democratic rise debate
536,POLITICS,advance
537,POLITICS,draw commencement speech
538,POLITICS,cement judicial legacy
539,POLITICS,urge crack sanctuary city
540,POLITICS,indefensible tweet
541,POLITICS,back poll watch measure spark voter intimidation
542,POLITICS,troll hard
543,POLITICS,sign bill expand abortion coverage
544,POLITICS,spy plane crash kill pilot injure
545,POLITICS,code
546,POLITICS,unpredictable deliver boring speech
547,POLITICS,reverse promise ban elephant hunt trophy
548,POLITICS,defend trump twitter use free way share information
549,POLITICS,former press secretary say journalist unprecedented
550,POLITICS,former sentence month prison
551,POLITICS,think government abuse power
552,POLITICS,call elderly medical record
553,POLITICS,real reason calexit
554,POLITICS,long fight farmer get relief high property taxis
555,POLITICS,civil right movement exhibit
556,POLITICS,trump eye warm tie congressional visit
557,POLITICS,libertarian conservative opponent ally
558,POLITICS,donnelly become third democratic senator back neil_gorsuch
559,POLITICS,school district start training teacher carry conceal weapon classroom
560,POLITICS,trump fine budget terrible
561,POLITICS,white parent one hate standardized testing
562,POLITICS,
563,POLITICS,economic team percent steve percent free trade proponent
564,POLITICS,compromise fable
565,POLITICS,trump dismisse hear campaign tie
566,POLITICS,listen business debate live
567,POLITICS,fate earth
568,POLITICS,morning newsbrief
569,POLITICS,honor box legend imply exist
570,POLITICS,support say time bring pitchfork torch
571,POLITICS,carly disappoint comment woman health
572,POLITICS,presidential race tradition
573,POLITICS,reference gordon gekko greed good
574,POLITICS,help million uninsured may help many
575,POLITICS,state emergency
576,POLITICS,tap overuse cliche campaign coverage
577,POLITICS,dangerous cruz
578,POLITICS,trump protester
579,POLITICS,tighten leash fake service dog
580,POLITICS,save party must sacrifice trump presidency
581,POLITICS,meet
582,POLITICS,novel strategy win behind
583,POLITICS,angry word
584,POLITICS,sue administration daca decision
585,POLITICS,
586,POLITICS,put
587,POLITICS,want family know college
588,POLITICS,republican food stamp bill would cut benefit size government
589,POLITICS,official try get bottom election night cyberattack
590,POLITICS,rival say tammy baldwin team terrorist silence
591,POLITICS,urge use memo attack trump probe attack trump probe
592,POLITICS,hustling tax bill really like
593,POLITICS,support shooting
594,POLITICS,day broken promise
595,POLITICS,imply may back win nomination
596,POLITICS,take fight republican senator home turf
597,POLITICS,want debate minute open closing statement
598,POLITICS,virus disease
599,POLITICS,defeat race
600,POLITICS,silence
601,POLITICS,
602,POLITICS,massive visit
603,POLITICS,man try get gitmo use trump word
604,POLITICS,lawmaker ready fight federal offshore drilling plan
605,POLITICS,day election place rise politic
606,POLITICS,conservative demand change bill leader sound shaky
607,POLITICS,happen ask start fight isis
608,POLITICS,never end campaign
609,POLITICS,hit people
610,POLITICS,propose consider
611,POLITICS,stand
612,POLITICS,want doj investigate potential fraud research
613,POLITICS,fail take hour benghazi hearing
614,POLITICS,trump monument unethical
615,POLITICS,help spur probe spilling secret diplomat nyt
616,POLITICS,
617,POLITICS,back commissioner
618,POLITICS,bernie_sander pin rise isis disastrous invasion
619,POLITICS,chance win
620,POLITICS,
621,POLITICS,want limit class time devote standardized test
622,POLITICS,recall correspondent dinner torch
623,POLITICS,afraid election go rig
624,POLITICS,endorse former
625,POLITICS,live
626,POLITICS,say human climate change propose way cause climate change
627,POLITICS,use state police suppress voter registration group claim
628,POLITICS,cause child migration
629,POLITICS,trump nomination could reshape european party
630,POLITICS,dismiss black life matter terrorist group
631,POLITICS,gorsuch silent case could crush public sector union
632,POLITICS,really feed mitch mcconnell
633,POLITICS,tearful quit
634,POLITICS,set record straight highway infrastructure
635,POLITICS,resist trump enough
636,POLITICS,cycle resume stop play whack
637,POLITICS,
638,POLITICS,make difference mass shooting victim possibly trump backer
639,POLITICS,right thing marriage supreme_court
640,POLITICS,target entitlement
641,POLITICS,shame stick tar
642,POLITICS,support legalization
643,POLITICS,approve trade pact
644,POLITICS,government shutdown day
645,POLITICS,fix defend democracy
646,POLITICS,many reason
647,POLITICS,debate never end
648,POLITICS,trump likely get rid special counsel way
649,POLITICS,system totally rig idea sure help trump
650,POLITICS,trump prepare dede wyome delegate contest
651,POLITICS,bait nys adoptee right
652,POLITICS,investigate quiz passenger immigration status
653,POLITICS,love hack hit people could next
654,POLITICS,introduction stable
655,POLITICS,oversee presidential search
656,POLITICS,move keep full torture report secret
657,POLITICS,former republican presidential candidate hospitalize
658,POLITICS,president
659,POLITICS,percent unanimous last long
660,POLITICS,
661,POLITICS,
662,POLITICS,late wave nfl protest likely unpopular surprise
663,POLITICS,confirm lie
664,POLITICS,birthday
665,POLITICS,
666,POLITICS,clemency power aggressively
667,POLITICS,new documentary make killing show prevent suicide gun
668,POLITICS,blast retirement
669,POLITICS,election read update battle nation
670,POLITICS,fake news time
671,POLITICS,announce first public appearance leave
672,POLITICS,reportedly call local tv station attack
673,POLITICS,implement sweeping reform riker island jail
674,POLITICS,receive bipartisan support praise follow cancer diagnosis
675,POLITICS,enough nerve repeal obamacare
676,POLITICS,black student punish far harshly white student
677,POLITICS,terrorist incident rock tube
678,POLITICS,republican candidate call confederate flag state issue
679,POLITICS,unusual polling question reveal candidate likely win
680,POLITICS,dnc race
681,POLITICS,use political arsenal block trump
682,POLITICS,never think still
683,POLITICS,voter deal huge setback
684,POLITICS,right movement
685,POLITICS,candidacy catch fire
686,POLITICS,candidate want put planned member bill
687,POLITICS,say day cook day playlist
688,POLITICS,partnership bad worker democracy
689,POLITICS,refuse release public record informant scandal
690,POLITICS,gun holocaust
691,POLITICS,chief call critic
692,POLITICS,civic group rush newly eligible offender
693,POLITICS,live result primarie
694,POLITICS,finally get right cfpb hit bad bank hurt
695,POLITICS,percent hate crime middle report say
696,POLITICS,satanist declare religiously exempt heartbeat bill
697,POLITICS,apologize imply female supporter go
698,POLITICS,supreme_court deal blow puerto rican government give
699,POLITICS,expect endorse
700,POLITICS,trump vow bring price border
701,POLITICS,family reportedly close get bailout flagship tower
702,POLITICS,free press really really matter
703,POLITICS,student loan delinquency jump crisis spread
704,POLITICS,federal judge may order testify ongoing email controversy
705,POLITICS,syrian refugee photo
706,POLITICS,top diplomat quit climate policy
707,POLITICS,could improve relation
708,POLITICS,seek death dylann roof
709,POLITICS,executive order offshore drilling
710,POLITICS,fail make presidential primary ballot
711,POLITICS,presidential picking process sound dodgy hell
712,POLITICS,people climate
713,POLITICS,conservative court nominee must stopped cost
714,POLITICS,trump announce support arm teacher backpedal gun purchase age
715,POLITICS,agitate infuriate meeting focus adoption
716,POLITICS,learn
717,POLITICS,call
718,POLITICS,continue back conspicuous tweet chief staff say
719,POLITICS,already struggle farm stand lose trump trade agenda
720,POLITICS,let focus help christian syrian refugee rather muslim
721,POLITICS,know director wrong
722,POLITICS,say get raw deal
723,POLITICS,actually happen
724,POLITICS,director resign month job
725,POLITICS,foreshadow big constitutional ruling immigration case
726,POLITICS,resign
727,POLITICS,still back say trump keep country safe
728,POLITICS,top senator say confident trump foreign policy
729,POLITICS,thing
730,POLITICS,former press secretary advice sean spicer
731,POLITICS,executive order immigration
732,POLITICS,russian candidate
733,POLITICS,democratic senator say refuse meet
734,POLITICS,conservative group raise cash help senator block nominee
735,POLITICS,big criminal justice experiment take place
736,POLITICS,sup ad suggest support deal blow world
737,POLITICS,candidate trick
738,POLITICS,big help cause opioid epidemic fight back
739,POLITICS,suggest would roll marriage equality
740,POLITICS,dear break bank hard
741,POLITICS,year cut city state hire
742,POLITICS,photo show make final campaign stop
743,POLITICS,push fold plan parenthood panel shooting
744,POLITICS,fight reclaim border soul
745,POLITICS,prevent veteran suicide cost war
746,POLITICS,less third public support new bill
747,POLITICS,rise young cuban say future
748,POLITICS,boy braided hair violate code mom switch school
749,POLITICS,shopper administration promise
750,POLITICS,carly performance first debate
751,POLITICS,temperament could explain abysmal poll number
752,POLITICS,say strong criticize approach
753,POLITICS,plan new abortion push
754,POLITICS,congressman change position abortion talk woman
755,POLITICS,plot way fight net neutrality rule
756,POLITICS,shuffle struggle campaign team
757,POLITICS,trump leave fellow squirming
758,POLITICS,respond double dishonesty
759,POLITICS,people perpetuate
760,POLITICS,voter back landmark campaign finance reform
761,POLITICS,follow allegation sexual misconduct
762,POLITICS,adult conversation prayer moment silence
763,POLITICS,people literally take promise literally
764,POLITICS,ask sander supporter unity
765,POLITICS,podcast mass shoot next house speaker
766,POLITICS,fail say
767,POLITICS,say tear deal would folly
768,POLITICS,move school massacre
769,POLITICS,approve law let people carry gun bar public college
770,POLITICS,learn
771,POLITICS,reporter arrest
772,POLITICS,gutte pay effort
773,POLITICS,fire brace newly homeless student
774,POLITICS,trump ally reportedly plan defend dig dirt reporter
775,POLITICS,let love arise
776,POLITICS,leader offer make obamacare repeal bill slightly less awful
777,POLITICS,threaten cut funding derail negotiation
778,POLITICS,democracy capitalism may head divorce
779,POLITICS,people business business
780,POLITICS,admit push private bill
781,POLITICS,force extreme policy
782,POLITICS,remind president fight
783,POLITICS,sander rip trump selection hhs secretary
784,POLITICS,reminder right wing owe
785,POLITICS,sit gun control legislation
786,POLITICS,woman laugh session could face jail time week
787,POLITICS,birther
788,POLITICS,state park find new way save make money
789,POLITICS,good thing could hillary_clinton
790,POLITICS,agent internet agree fed call terrorism
791,POLITICS,run daunt task establishment
792,POLITICS,border agent detain teacher kid refuse claim citizenship
793,POLITICS,make best pretty awkward situation convention
794,POLITICS,speak missile launch
795,POLITICS,agent
796,POLITICS,vote voter law
797,POLITICS,show matter prospect
798,POLITICS,could win contested convention
799,POLITICS,get personal
800,POLITICS,good girl abortion naral chief tell dnc
801,POLITICS,interest transparency maher would like
802,POLITICS,federal order return iranian deport trump ban
803,POLITICS,make face day
804,POLITICS,condemn order target muslim chaotic weekend
805,POLITICS,say kid sander want let bern
806,POLITICS,peace come say
807,POLITICS,father end violence well day start
808,POLITICS,call fall soldier artist
809,POLITICS,struggle defend reparation stance black voter
810,POLITICS,show ignore calamitous global warming report
811,POLITICS,nearly former staffer sign oppose
812,POLITICS,think medium want trump fail
813,POLITICS,finally speak domestic violence wake porter scandal
814,POLITICS,appeal court deal ban target
815,POLITICS,state work help people disability find work
816,POLITICS,sure seem eclipse claim care
817,POLITICS,use arcane tool handcuff federal agency
818,POLITICS,fertile ground extremism
819,POLITICS,sexually harass woman country right
820,POLITICS,define white supremacist
821,POLITICS,allege sexual abuse high school coach
822,POLITICS,force doctor tell woman abortion reversible
823,POLITICS,trump sharp stately heap mockery
824,POLITICS,hispanic fear dhs head turn blind eye agent bad conduct
825,POLITICS,nail voter suppression complaint democratic coalition
826,POLITICS,go joke
827,POLITICS,want treat big pharma big tobacco
828,POLITICS,hack try take world
829,POLITICS,wife file divorce pregnant report say
830,POLITICS,try reason right
831,POLITICS,slam support social security cut
832,POLITICS,
833,POLITICS,trump effect positive attitude hate
834,POLITICS,murder would stand let shoot
835,POLITICS,close asbestos incident
836,POLITICS,month trump story change mind email
837,POLITICS,sentence brock
838,POLITICS,
839,POLITICS,ally take moral lead human right trump fall short
840,POLITICS,care transgender troop negligible cost transition relate care
841,POLITICS,inevitable
842,POLITICS,must give testimony restaurant suit rule
843,POLITICS,money bolster populist shift
844,POLITICS,elect first female
845,POLITICS,sander protest finger live tv
846,POLITICS,fault bomb
847,POLITICS,trump plan kill obama regulation protect restaurant server
848,POLITICS,tweeter take hard
849,POLITICS,
850,POLITICS,wily plan keep learn trump cabinet pick
851,POLITICS,hope give strong medicine
852,POLITICS,win
853,POLITICS,apparently
854,POLITICS,live detain week due error immigration officer
855,POLITICS,trump vow stay race lewd remark surface
856,POLITICS,
857,POLITICS,undocumented immigrant call call
858,POLITICS,job go get lousy severance
859,POLITICS,lock
860,POLITICS,president recent history gain approval time office
861,POLITICS,earth kick politic
862,POLITICS,station
863,POLITICS,urge veto bill allow internet provider sell datum
864,POLITICS,meeting facebook target cyberbullye people beside
865,POLITICS,prepare make win
866,POLITICS,sue sanctuary city order
867,POLITICS,exclusive transgender student abandon
868,POLITICS,fire explain fail
869,POLITICS,say trump nomination
870,POLITICS,implosion campaign save
871,POLITICS,stand
872,POLITICS,
873,POLITICS,empire come home
874,POLITICS,pass bill let victim family sue
875,POLITICS,attack press stalinist
876,POLITICS,gardner candidate race
877,POLITICS,campaign insist fine
878,POLITICS,art foreign policy bluffing
879,POLITICS,conservative find
880,POLITICS,family promise finally receive check mail
881,POLITICS,dinner
882,POLITICS,mosque actually great deterrent violent extremism
883,POLITICS,double dystopia
884,POLITICS,trump reportedly wonder pretty korean lady handle
885,POLITICS,back wrong candidate
886,POLITICS,safeguard future science
887,POLITICS,go away
888,POLITICS,unlikely ally fight keep job leave
889,POLITICS,say proposal properly vet yet
890,POLITICS,need shake next generation get fair shake
891,POLITICS,back
892,POLITICS,bannon
893,POLITICS,gun proponent interested fact science
894,POLITICS,trump repeat failure denounce white supremacist
895,POLITICS,game criticism
896,POLITICS,try may trump struggle spin government spending bill victory
897,POLITICS,expect give
898,POLITICS,union guest send trump message
899,POLITICS,admit legal keep prosecute user
900,POLITICS,release partial tax return past
901,POLITICS,people enrol obamacare plan
902,POLITICS,honor outdoors policy ruin
903,POLITICS,
904,POLITICS,say could term bill pass
905,POLITICS,flint resident come await confrontation
906,POLITICS,protect planned parenthood funding permanently
907,POLITICS,health bill people color
908,POLITICS,
909,POLITICS,trump fail correct questioner
910,POLITICS,fire compare
911,POLITICS,future negotiation hang balance trade minister meet
912,POLITICS,buck pass bill let victim sue
913,POLITICS,good wall make good neighbor
914,POLITICS,candidate set pay kid marry white people
915,POLITICS,charge guard shoot killing inmate
916,POLITICS,
917,POLITICS,people still protest
918,POLITICS,
919,POLITICS,remove
920,POLITICS,insurance executive blast proposal terrible
921,POLITICS,call totally hypocritical
922,POLITICS,trump vow back partnership effectively kill
923,POLITICS,net neutrality get live day court rehear case
924,POLITICS,trump show receptiveness agenda actually mean
925,POLITICS,bernie_sander plan back major trump campaign promise
926,POLITICS,say
927,POLITICS,must recognize sex parent child birth certificate
928,POLITICS,aide urge move flint system report
929,POLITICS,downplay email scandal
930,POLITICS,show lead
931,POLITICS,remind pilgrim refugee
932,POLITICS,climate deal
933,POLITICS,watch give canned answer time row
934,POLITICS,black infant death point flaw system
935,POLITICS,daughter brutality coma
936,POLITICS,old religious institution afraid
937,POLITICS,defend visceral response trump firing comey
938,POLITICS,network trump great sucker
939,POLITICS,dance storm nephew wedding
940,POLITICS,struggle talking point machine
941,POLITICS,
942,POLITICS,trump facebook executive fake rant russian indictment
943,POLITICS,billionaire craft trumponomic
944,POLITICS,simply islamophobic campaign
945,POLITICS,
946,POLITICS,scramble seat territory
947,POLITICS,supreme_court decline put gay marriage hold
948,POLITICS,cost family upwards year
949,POLITICS,message loud supporter
950,POLITICS,potential say need
951,POLITICS,stick
952,POLITICS,keep democratic matter
953,POLITICS,trump announce decision global climate deal
954,POLITICS,pray
955,POLITICS,may last
956,POLITICS,applaud couple refuse host sex wedding
957,POLITICS,lay groundwork sexual assault survivor speak
958,POLITICS,immigration official launch large scale deportation raid
959,POLITICS,say safe act
960,POLITICS,recruit former aide lead regulation
961,POLITICS,flip seat district vote
962,POLITICS,child call immigration stance live british tv
963,POLITICS,citizen
964,POLITICS,strategy backfire debate
965,POLITICS,poll show many agree woman man pay
966,POLITICS,reveal humorous plan attention
967,POLITICS,big soda spend million unethical area ad fight drink taxis
968,POLITICS,final solution caveat emptor
969,POLITICS,speech
970,POLITICS,suggest back strict net neutrality rule
971,POLITICS,look poise pass major overhaul chemical law
972,POLITICS,team
973,POLITICS,reaction testimony show confirmation bias
974,POLITICS,bernie_sander introduce legislation end private prison
975,TECH,ice cream sandwich update htc delay
976,TECH,may first video iphone
977,TECH,look go space
978,TECH,show disclose datum digital democracy
979,TECH,face grow pressure restrict speech online
980,TECH,top tough tech gadget photo
981,TECH,want get single iphone
982,TECH,twitter plan go character limit
983,TECH,watch owner desperate convert side
984,TECH,get new trick make home smart
985,TECH,bombing accidentally go worldwide
986,TECH,surprising household item invade privacy
987,TECH,kill vine hate fun
988,TECH,victim facebook help hand
989,TECH,window run device
990,TECH,printer produce paper
991,TECH,tour nightline tease facility video
992,TECH,pay homage french photographer video
993,TECH,leave device risk
994,TECH,terrible truth gadget die
995,TECH,battle abuse
996,TECH,release keep kosher
997,TECH,give birth identical twin girl
998,TECH,hack email
999,TECH,minecraft launch virtual reality edition
1000,TECH,twitter warn user change password find bug
1001,TECH,sound skeptical work
1002,TECH,admit edit user comment criticize
1003,TECH,lawsuit apple target additional product
1004,TECH,surface pro battery life approximately half power surface sound truly terrible
1005,TECH,deal
1006,TECH,may future porn industry
1007,TECH,dark side digital age
1008,TECH,tip trick know possible
1009,TECH,surprising number would chop finger stay online
1010,TECH,ant star
1011,TECH,privacy suit file path twitter apple facebook
1012,TECH,predict commercial winner announcement
1013,TECH,gender divide woman likely man blog profile
1014,TECH,watch major problem date app
1015,TECH,hack company fight controversial move retaliation
1016,TECH,pay discover major bug
